city,neighbourhood,latitude,longitude
Rio de Janeiro,Abolição,-22.8861614,-43.2998457
Rio de Janeiro,Acari,-22.8221528,-43.3406743
Rio de Janeiro,Água Santa,-22.9111428,-43.3121258
Rio de Janeiro,Alto da Boa Vista,-22.9621126,-43.2535816
Rio de Janeiro,Anchieta,-22.8231903,-43.3991069
Rio de Janeiro,Andaraí,-22.9290845,-43.2534858
Rio de Janeiro,Anil,-22.9558133,-43.3384123
Rio de Janeiro,Araújo Cosmos,,
Rio de Janeiro,Baía Guanabara,,
Rio de Janeiro,Bancários,-22.7917588,-43.180966
Rio de Janeiro,Bangu,-22.8753053,-43.4648805
Rio de Janeiro,Barra da Tijuca,-22.9997404,-43.3659929
Rio de Janeiro,Barra de Guaratiba,-23.0360036,-43.5521395
Rio de Janeiro,Barra Guaratiba,,
Rio de Janeiro,Barros Filho,-22.8348857,-43.3631878
Rio de Janeiro,Benfica,-22.8922965,-43.240341
Rio de Janeiro,Bento Ribeiro,-22.8666607,-43.3608367
Rio de Janeiro,Bonsucesso,-22.8659317,-43.253318
Rio de Janeiro,Botafogo,-22.948844649999998,-43.17982909625297
Rio de Janeiro,Braz de Pina,,
Rio de Janeiro,Braz Pina,,
Rio de Janeiro,Cachambi,-22.8897634,-43.2744953
Rio de Janeiro,Cacuia,-22.8217028,-43.1837917
Rio de Janeiro,Caju,-22.8803063,-43.2214936
Rio de Janeiro,Camorim,-22.9711394,-43.4311836
Rio de Janeiro,Campinho,-22.8852187,-43.347738
Rio de Janeiro,Campo dos Afonsos,-22.8795186,-43.3803636
Rio de Janeiro,Campo Grande,-22.902953,-43.5591295
Rio de Janeiro,Cascadura,-22.8841816,-43.3283969
Rio de Janeiro,Catete,-22.9269199,-43.1802186
Rio de Janeiro,Catumbi,-22.9194542,-43.1970806
Rio de Janeiro,Cavalcanti,-22.8705266,-43.3165261
Rio de Janeiro,Centro,-22.9110137,-43.2093727
Rio de Janeiro,Cidade de Deus,-22.94803,-43.362903
Rio de Janeiro,Cidade Deus,,
Rio de Janeiro,Cidade Nova,-22.9100508,-43.201756
Rio de Janeiro,Cidade Universitária,-22.8558233,-43.2309583
Rio de Janeiro,Cocota,-22.8050047,-43.1805463
Rio de Janeiro,Coelho Neto,-22.8322449,-43.3501913
Rio de Janeiro,Colégio,-22.27378435,-42.53593527004949
Rio de Janeiro,Copacabana,-22.9719642,-43.1843432
Rio de Janeiro,Cordovil,-22.8194378,-43.2915908
Rio de Janeiro,Cosme Velho,-22.9415143,-43.2006244
Rio de Janeiro,Cosmos,-22.9078051,-43.6144915
Rio de Janeiro,Costa Barros,-22.8246995,-43.3698395
Rio de Janeiro,Curicica,-22.9519909,-43.3872901
Rio de Janeiro,Curral Falso,-22.93656115,-43.66694059999999
Rio de Janeiro,Delegado Castilho,,
Rio de Janeiro,Dendê,,
Rio de Janeiro,Deodoro,-22.851201,-43.3870315
Rio de Janeiro,Dumas,,
Rio de Janeiro,Encantado,-22.8974743,-43.3042461
Rio de Janeiro,Engenheiro Leal,-22.8743923,-43.3255315
Rio de Janeiro,Engenho da Rainha,-22.8626496,-43.2937874
Rio de Janeiro,Engenho de Dentro,-22.9026591,-43.2967757
Rio de Janeiro,Engenho Dentro,,
Rio de Janeiro,Engenho Novo,-22.9090942,-43.2678381
Rio de Janeiro,Estácio,-22.9166265,-43.20363
Rio de Janeiro,Flamengo,-22.9339841,-43.1745744
Rio de Janeiro,Freguesia,,
Rio de Janeiro,Freguesia - Ilha Governador,,
Rio de Janeiro,Freguesia - Jacarepaguá,-22.9408899,-43.3422564
Rio de Janeiro,Freguesia Jacarepaguá,-22.9408899,-43.3422564
Rio de Janeiro,Galeão,-22.8075065,-43.2355215
Rio de Janeiro,Gamboa,-22.8977491,-43.1929041
Rio de Janeiro,Gardênia Azul,-22.9582866,-43.3512241
Rio de Janeiro,Gávea,-22.9814243,-43.2383245
Rio de Janeiro,Glória,-22.9183225,-43.1739232
Rio de Janeiro,Grajaú,-22.9298842,-43.2695499
Rio de Janeiro,Grumari,-23.0470388,-43.5334787
Rio de Janeiro,Guadalupe,-22.8376208,-43.3751608
Rio de Janeiro,Guarabu,-22.8088833,-43.1941802
Rio de Janeiro,Guaratiba,-22.9905839,-43.584923
Rio de Janeiro,Higienópolis,-22.873999,-43.2613682
Rio de Janeiro,Honório Gurgel,-22.8465751,-43.3561294
Rio de Janeiro,Humaitá,-22.9546413,-43.2004797
Rio de Janeiro,Inhaúma,-22.8715476,-43.2823466
Rio de Janeiro,Inhoaíba,-22.9131775,-43.5932975
Rio de Janeiro,Ipanema,-22.9839557,-43.2022163
Rio de Janeiro,Irajá,-22.8351129,-43.3233619
Rio de Janeiro,Itacolomi,,
Rio de Janeiro,Itanhangá,-22.9870911,-43.3049379
Rio de Janeiro,Jacaré,-22.8931174,-43.2571998
Rio de Janeiro,Jacarepaguá,-22.9665038,-43.3713193
Rio de Janeiro,Jacarezinho,-22.8875068,-43.2578789
Rio de Janeiro,Jardim América,-22.810005,-43.323212
Rio de Janeiro,Jardim Botânico,-22.968384550000003,-43.22869449858106
Rio de Janeiro,Jardim Carioca,-22.8052493,-43.1931949
Rio de Janeiro,Jardim Guanabara,-22.8128362,-43.2007792
Rio de Janeiro,Jardim Sulacap,-22.8956799,-43.3929967
Rio de Janeiro,Joa,-23.0077797,-43.2872344
Rio de Janeiro,Lagoa,-22.9624658,-43.2024884
Rio de Janeiro,Laranjeiras,-22.9343173,-43.1878165
Rio de Janeiro,Leblon,-22.983556,-43.2249377
Rio de Janeiro,Leme,-22.961704,-43.1669042
Rio de Janeiro,Lins de Vasconcelos,-22.9140512,-43.2843528
Rio de Janeiro,Lins Vasconcelos,,
Rio de Janeiro,Loteamento Madean,,
Rio de Janeiro,Madureira,-22.871658,-43.3371976
Rio de Janeiro,Magalhães Bastos,-22.8725117,-43.4136384
Rio de Janeiro,Mangueira,-22.830895,-43.0699683
Rio de Janeiro,Manguinhos,-22.8796755,-43.2508881
Rio de Janeiro,Maracanã,-22.912161949999998,-43.23117510590559
Rio de Janeiro,Mare,-22.8592368,-43.2425729
Rio de Janeiro,Marechal Hermes,-22.8599658,-43.3704561
Rio de Janeiro,Maria da Graça,-22.8830403,-43.2638849
Rio de Janeiro,Meier,-22.9026425,-43.2817263
Rio de Janeiro,Moneró,-22.7964947,-43.197406
Rio de Janeiro,Nossa Senhora das Graças,-22.8567597,-43.5298062
Rio de Janeiro,Nossa Senhora Graças,-22.8567597,-43.5298062
Rio de Janeiro,Olaria,-22.3045957,-42.5406267
Rio de Janeiro,Oswaldo Cruz,-22.8690705,-43.3503265
Rio de Janeiro,Paciência,-22.8987,-43.6369556
Rio de Janeiro,Padre Miguel,-22.8788135,-43.4485569
Rio de Janeiro,Paquetá,-22.7589261,-43.1091992
Rio de Janeiro,Parada de Lucas,-22.8167023,-43.3012102
Rio de Janeiro,Parada Lucas,,
Rio de Janeiro,Parque Anchieta,-22.8351687,-43.4155827
Rio de Janeiro,Parque Boa Esperança,,
Rio de Janeiro,Pavuna,-22.8121927,-43.3592811
Rio de Janeiro,Pechincha,-22.928988,-43.3534191
Rio de Janeiro,Pedra de Guaratiba,-22.9983546,-43.6388666
Rio de Janeiro,Pedra Guaratiba,,
Rio de Janeiro,Penha,-22.8381127,-43.2764454
Rio de Janeiro,Penha Circular,-22.8326425,-43.2842228
Rio de Janeiro,Piedade,-22.8926665,-43.3110001
Rio de Janeiro,Pilares,-22.8790904,-43.2955477
Rio de Janeiro,Pitangueiras,-22.8171281,-43.1799542
Rio de Janeiro,Portuguesa,-22.7999597,-43.2068169
Rio de Janeiro,Praça Bandeira,,
Rio de Janeiro,Praça Seca,-22.8992621,-43.3527794
Rio de Janeiro,Praia Bandeira,,
Rio de Janeiro,Quintino Bocaiuva,-22.8955889,-43.3253269
Rio de Janeiro,Ramos,-22.8519758,-43.2555693
Rio de Janeiro,Realengo,-22.8772743,-43.4301032
Rio de Janeiro,Recreio Bandeirantes,-23.007983250000002,-43.44695285
Rio de Janeiro,Recreio dos Bandeirantes,-23.0185151,-43.4634021
Rio de Janeiro,Riachuelo,-22.9026953,-43.255175
Rio de Janeiro,Ribeira,-22.8252399,-43.1705907
Rio de Janeiro,Ricardo de Albuquerque,-22.8380924,-43.3963439
Rio de Janeiro,Rio Comprido,-22.9279449,-43.2088566
Rio de Janeiro,Rocha,-22.754584649999998,-43.11222075
Rio de Janeiro,Rocha Miranda,-22.8503472,-43.3463053
Rio de Janeiro,Rocinha,-22.9885204,-43.2482058
Rio de Janeiro,Sampaio,-22.9022287,-43.2602402
Rio de Janeiro,Santa Cruz,-22.9176248,-43.6834907
Rio de Janeiro,Santa Teresa,-22.9213991,-43.1882138
Rio de Janeiro,Santa Tereza,-22.9213991,-43.1882138
Rio de Janeiro,Santíssimo,-22.8751928,-43.5198512
Rio de Janeiro,Santo Cristo,-22.9007657,-43.2033933
Rio de Janeiro,São Conrado,-22.9913592,-43.2675329
Rio de Janeiro,São Cristóvão,-22.899318,-43.2219346
Rio de Janeiro,São Francisco Xavier,-22.9047617,-43.2440314
Rio de Janeiro,Saúde,-22.8971835,-43.1841545
Rio de Janeiro,Senador Camará,-22.888752,-43.4913887
Rio de Janeiro,Senador Vasconcelos,-22.8953684,-43.5288566
Rio de Janeiro,Sepetiba,-22.9679803,-43.6940872
Rio de Janeiro,Tanque,-22.9151927,-43.3557471
Rio de Janeiro,Taquara,-22.9218864,-43.384646
Rio de Janeiro,Tauá,-22.7977495,-43.1867478
Rio de Janeiro,Tijuca,-22.9332164,-43.2381453
Rio de Janeiro,Todos Os Santos,-22.894563,-43.28506
Rio de Janeiro,Tomás Coelho,-22.8676979,-43.3060881
Rio de Janeiro,Tubiacanga,-22.7855214,-43.2265169
Rio de Janeiro,Turiaçu,-22.8616631,-43.3418026
Rio de Janeiro,Urca,-22.954074,-43.1679727
Rio de Janeiro,Vargem Grande,-22.9707911,-43.4968914
Rio de Janeiro,Vargem Pequena,-22.9818187,-43.4578117
Rio de Janeiro,Vaz Lobo,-22.8589721,-43.3278646
Rio de Janeiro,Vicente de Carvalho,-22.8571804,-43.3157892
Rio de Janeiro,Vidigal,-22.9952094,-43.2408556
Rio de Janeiro,Vigário Geral,-22.8095333,-43.3097039
Rio de Janeiro,Vila da Penha,-22.8435065,-43.3100585
Rio de Janeiro,Vila Isabel,-22.9152219,-43.2472627
Rio de Janeiro,Vila Kosmos,-22.853597,-43.3032021
Rio de Janeiro,Vila Militar,-22.860348,-43.4028933
Rio de Janeiro,Vila Penha,,
Rio de Janeiro,Vila Valqueire,-22.8886093,-43.3657758
Rio de Janeiro,Vista Alegre,-22.8296244,-43.3151276
Rio de Janeiro,Zumbi,-22.8212784,-43.1758609
São Paulo,Aclimação,-23.5671021,-46.6268011
São Paulo,Água Branca,-23.5212579,-46.6885155
São Paulo,Água Fria,-23.4817879,-46.62499
São Paulo,Água Funda,,
São Paulo,Água Rasa,-23.5653715,-46.57369718912304
São Paulo,Alto da Boa Vista,-23.6416251,-46.6994344
São Paulo,Alto da Lapa,-23.5273913,-46.7130594
São Paulo,Alto da Mooca,,
São Paulo,Alto da Riviera,-23.6980461,-46.7604023
São Paulo,Alto de Pinheiros,-23.5494609,-46.71229274842102
São Paulo,Alto do Pari,,
São Paulo,Altos de Vila Prudente,,
São Paulo,Americanópolis,-23.6815392,-46.6554326
São Paulo,Anhanguera,-23.4329085,-46.788533962659386
São Paulo,Artur Alvim,-23.539220999999998,-46.48526468200837
São Paulo,Associação Sobradinho,,
São Paulo,Balneário Dom Carlos,,
São Paulo,Balneário Mar Paulista,,
São Paulo,Balneário São Francisco,,
São Paulo,Balneário São José,-24.2769152,-46.9675859
São Paulo,Barra Funda,-23.5254616,-46.6675134
São Paulo,Barragem,-22.567964,-44.8620993
São Paulo,Barro Branco,-23.3867458,-46.3056417
São Paulo,Bela Aliança,-23.5248526,-46.7225147
São Paulo,Bela Vista,-23.5622095,-46.64776648788944
São Paulo,Belenzinho,-23.5510216,-46.9151277
São Paulo,Boacava,-23.540313,-46.7226097
São Paulo,Bom Retiro,-23.5271385,-46.636834846501365
São Paulo,Borore,-23.8200594,-46.6714231
São Paulo,Bortolândia,-23.4546742,-46.598442
São Paulo,Bosque da Saúde,-23.6094152,-46.6251697
São Paulo,Bras,-23.545113649999998,-46.61633553067246
São Paulo,Brasilândia,-23.4482715,-46.69026927092207
São Paulo,Brooklin Novo,-23.6214866,-46.6883182
São Paulo,Brooklin Paulista,-23.6295676,-46.6734954
São Paulo,Burgo Paulista,-23.5253848,-46.4823717
São Paulo,Butantã,-23.5690555,-46.7218833626702
São Paulo,Cambuci,-23.566128499999998,-46.61365030871091
São Paulo,Campininha,-23.7229425,-47.0631914
São Paulo,Campo Belo,-23.626730549999998,-46.66942867841393
São Paulo,Campo Grande,-23.67554775,-46.687234400083085
São Paulo,Campo Limpo,-23.632557650000003,-46.759666126372395
São Paulo,Campos Elíseos,-21.1577178,-47.7985526
São Paulo,Cangaiba,-23.5058996,-46.5314253
São Paulo,Canindé,-20.1696392,-47.8407637
São Paulo,Cantinho Ceu,-23.7481442,-46.65815098678078
São Paulo,Cantinho do Ceu,-23.65319915,-46.7586574080329
São Paulo,Capão do Embira,,
São Paulo,Capão Redondo,-23.6719026,-46.779435420915036
São Paulo,Capela do Socorro,,
São Paulo,Carandiru,-23.5095466,-46.62497714745851
São Paulo,Casa Verde,-23.5059269,-46.6561379
São Paulo,Casa Verde Alta,-23.497698,-46.6565761
São Paulo,Casa Verde Baixa,-23.510486,-46.6571046
São Paulo,Casa Verde Média,,
São Paulo,Catumbi,-23.476425,-46.3663307
São Paulo,Caxingui,-23.5849439,-46.7146853
São Paulo,Centro,-23.550389799999998,-46.633080956332904
São Paulo,Cerqueira César,-23.0353135,-49.1650519
São Paulo,Chácara Bandeirantes,-23.488179,-47.4013798
São Paulo,Chácara Belenzinho,,
São Paulo,Chácara Bosque do Sol,,
São Paulo,Chácara Califórnia,-21.8006898,-48.1943456
São Paulo,Chácara Cocaia,-23.7440258,-46.6628762
São Paulo,Chácara Cruzeiro do Sul,-23.5107749,-46.5340548
São Paulo,Chácara da Enseada,,
São Paulo,Chácara das Corujas,,
São Paulo,Chácara do Conde,,
São Paulo,Chácara do Sol,-23.4089392,-46.8799711
São Paulo,Chácara Dona Olívia,-23.5132484,-46.3882878
São Paulo,Chácara Figueira Grande,,
São Paulo,Chácara Flora,-21.7265583,-48.1821327
São Paulo,Chácara Flórida,-23.8505316,-46.8156563
São Paulo,Chácara Gaivotas,-23.7344498,-46.6650778
São Paulo,Chácara Inglesa,-23.608307,-46.6323198
São Paulo,Chácara Itaim,-23.0197566,-45.5194882
São Paulo,Chácara Japonesa,,
São Paulo,Chácara Jaraguá,-22.7293958,-47.66049122724077
São Paulo,Chácara Mafalda,,
São Paulo,Chácara Maria Trindade,,
São Paulo,Chácara Meyer,,
São Paulo,Chácara Monte Alegre,-22.69049305,-46.68043276878935
São Paulo,Chácara Nani,,
São Paulo,Chácara Nossa Senhora Aparecida,,
São Paulo,Chácara Nossa Senhora do Bom Conselho,,
São Paulo,Chácara Pouso Alegre,,
São Paulo,Chácara Santa Etelvina,,
São Paulo,Chácara Santa Maria,-23.6954378,-46.7935638
São Paulo,Chácara Santana,-23.4264194,-46.8649135
São Paulo,Chácara Santo Antônio,-23.4997345,-47.5533139
São Paulo,Chácara Santo Hubertus,,
São Paulo,Chácara São João,-22.3723337,-46.936882
São Paulo,Chácara São Luís,,
São Paulo,Chácara São Silvestre,,
São Paulo,Chácara Seis de Outubro,,
São Paulo,Chácara Tatuapé,,
São Paulo,Chácara Três Meninas,-23.4745691,-46.425597
São Paulo,Chácara Vista Alegre,-23.5830134,-46.9285464
São Paulo,Chora Menino,,
São Paulo,Chs Lago Grande,,
São Paulo,Cidade Ademar,-23.6730116,-46.6552806
São Paulo,Cidade Antônio Estêvão Carvalho,,
São Paulo,Cidade Auxiliadora,,
São Paulo,Cidade Centenário,-21.99932675,-47.8943870334583
São Paulo,Cidade Continental,,
São Paulo,Cidade D'abril,-23.54741635,-46.77020406925227
São Paulo,Cidade de Deus,-23.0467737,-45.5719326
São Paulo,Cidade Domitila,-23.6628425,-46.6483528
São Paulo,Cidade dos Bandeirantes,,
São Paulo,Cidade Dutra,-23.7139643,-46.6990882
São Paulo,Cidade Ipava,-23.724806,-46.763839378302194
São Paulo,Cidade Jardim,-23.3133401,-45.9740471
São Paulo,Cidade Júlia,-23.5161056,-46.3406774
São Paulo,Cidade Kemel,-23.5140458,-46.363208
São Paulo,Cidade Líder,-23.5627696,-46.4943334
São Paulo,Cidade Luz,,
São Paulo,Cidade Mãe do Ceu,,
São Paulo,Cidade Monções,,
São Paulo,Cidade Nitro Operária,,
São Paulo,Cidade Nitro Química,,
São Paulo,Cidade Nova América,,
São Paulo,Cidade Nova Heliopolis,,
São Paulo,Cidade Nova São Miguel,,
São Paulo,Cidade Patriarca,-23.5390931,-46.5039285
São Paulo,Cidade Popular,,
São Paulo,Cidade São Francisco,,
São Paulo,Cidade São Mateus,,
São Paulo,Cidade São Miguel,,
São Paulo,Cidade Satélite Santa Bárbara,,
São Paulo,Cidade Tiradentes,-23.5824973,-46.4092065
São Paulo,Cidade Vargas,-23.6493901,-46.6405523
São Paulo,Cipó do Meio,,
São Paulo,City América,-22.4446853,-49.1697659
São Paulo,Cohab Monet,-23.6478026,-46.7891447
São Paulo,Colônia,-23.1809923,-46.8533869
São Paulo,Condomínio Jequirituba,-23.750535550000002,-46.663521467568415
São Paulo,Conjunto City Jaraguá,,
São Paulo,Conjunto Habitacional Águia de Haia,,
São Paulo,Conjunto Habitacional Área E Carvalho,,
São Paulo,Conjunto Habitacional Barreira Grande,,
São Paulo,Conjunto Habitacional Barro Branco I,,
São Paulo,Conjunto Habitacional Barro Branco II,,
São Paulo,Conjunto Habitacional Brigadeiro Eduardo Gomes,,
São Paulo,Conjunto Habitacional Brigadeiro Faria Lima,,
São Paulo,Conjunto Habitacional Castro Alves,,
São Paulo,Conjunto Habitacional Fazenda do Carmo,,
São Paulo,Conjunto Habitacional Inácio Monteiro,,
São Paulo,Conjunto Habitacional Instituto Adventista,,
São Paulo,Conjunto Habitacional Jardim São Bento,,
São Paulo,Conjunto Habitacional Jova Rural,,
São Paulo,Conjunto Habitacional Juscelino Kubitschek,-23.5685404,-46.39709650450724
São Paulo,Conjunto Habitacional Marechal Mascarenhas Morais,,
São Paulo,Conjunto Habitacional Padre José de Anchieta,,
São Paulo,Conjunto Habitacional Padre Manoel da Nóbrega,-23.5454002,-46.4790104
São Paulo,Conjunto Habitacional Padre Manoel de Paiva,,
São Paulo,Conjunto Habitacional Parque Valo Velho Ii,,
São Paulo,Conjunto Habitacional Pirajussara,,
São Paulo,Conjunto Habitacional Recanto dos Humildes,,
São Paulo,Conjunto Habitacional Santa Etelvina II,,
São Paulo,Conjunto Habitacional Santa Etelvina III,,
São Paulo,Conjunto Habitacional Sítio Conceição,,
São Paulo,Conjunto Habitacional Teotônio Vilela,,
São Paulo,Conjunto Habitacional Turística,,
São Paulo,Conjunto Habitacional Vila Nova Cachoeirinha,,
São Paulo,Conjunto Promorar Estrada da Parada,,
São Paulo,Conjunto Promorar Raposo Tavares,-23.5869391,-46.7993803
São Paulo,Conjunto Promorar Rio Claro,,
São Paulo,Conjunto Promorar São Luís,,
São Paulo,Conjunto Promorar Sapopemba,,
São Paulo,Conjunto Promorar Vila Maria Iii,,
São Paulo,Conjunto Residencial Alpes do Jaraguá,,
São Paulo,Conjunto Residencial Butantã,-23.5764621,-46.72896234724704
São Paulo,Conjunto Residencial Elísio Teixeira Leite,,
São Paulo,Conjunto Residencial Ingai,,
São Paulo,Conjunto Residencial Jardim Canaã,,
São Paulo,Conjunto Residencial José Bonifácio,,
São Paulo,Conjunto Residencial Morada do Sol,,
São Paulo,Conjunto Residencial Novo Pacaembu,,
São Paulo,Conjunto Residencial Paraíso,,
São Paulo,Conjunto Residencial Prestes Maia,,
São Paulo,Conjunto Residencial Sabará - Campo Grande,,
São Paulo,Conjunto Residencial Salvador Tolezani,,
São Paulo,Conjunto Residencial Santa Terezinha,-23.313036750000002,-45.94544119498434
São Paulo,Conjunto Residencial Sítio Oratório,,
São Paulo,Conjunto Residencial Vista Verde,,
São Paulo,Consolação,-23.557818,-46.6605373
São Paulo,Copacabana,-23.6909871,-46.7716013
São Paulo,Cupecê,-23.68428345,-46.63527074166775
São Paulo,Cursino,-23.6323011,-46.61956290654779
São Paulo,Educandário,-21.16556695,-47.7861044144078
São Paulo,Eldorado,-24.522583,-48.1093489
São Paulo,Embura,-23.8803866,-46.741620488183095
São Paulo,Engenheiro Goulart,-23.5004492,-46.527816
São Paulo,Engenheiro Marsilac,-23.9073486,-46.7047132
São Paulo,Ermelino Matarazzo,-23.491673499999997,-46.48407014366894
São Paulo,Estância Jaraguá,-23.4498003,-46.7184122
São Paulo,Estância Mirim,-24.03054015,-46.49411166291803
São Paulo,Estância Tangará,,
São Paulo,Fazenda Aricanduva,-23.567272799999998,-46.478149575246434
São Paulo,Fazenda da Juta,-23.6118178,-46.4874695
São Paulo,Fazenda Itaim,-23.511957,-46.3739622
São Paulo,Fazenda Morumbi,-21.2484219,-49.5097972
São Paulo,Ferreira,-23.6076439,-46.7497326
São Paulo,Flor da Cantareira,,
São Paulo,Freguesia do Ó,-23.4874636,-46.6951317
São Paulo,Furnas,-23.3282761,-46.5631071
São Paulo,Gleba do Pêssego,,
São Paulo,Granja Julieta,-23.6275329,-46.7120009
São Paulo,Granja Nossa Senhora Aparecida,,
São Paulo,Guacuri,-23.700104000000003,-46.63740752055006
São Paulo,Guaianazes,-23.542331,-46.4157007
São Paulo,Guaiauna,-23.6509074,-46.5200669
São Paulo,Guapira,-23.4573682,-46.5887224
São Paulo,Guarapiranga,-21.9640116,-48.23584936111111
São Paulo,Higienópolis,-23.5489592,-46.6523049
São Paulo,Horto,-20.57500135,-47.86381681430592
São Paulo,Horto Florestal,-23.463321450000002,-46.63417338297819
São Paulo,Ibirapuera,-23.5769519,-46.6546353
São Paulo,Imirim,-23.4910951,-46.6470601
São Paulo,Indianópolis,-23.6074733,-46.6689274
São Paulo,Instituto de Previdência,,
São Paulo,Interlagos,-23.7019315,-46.69670781252424
São Paulo,Ipiranga,-23.58927255,-46.60616206667652
São Paulo,Itaberaba,-23.4865043,-46.691117054336566
São Paulo,Itaim Bibi,-23.5843807,-46.6784441
São Paulo,Itaim Paulista,-23.5017648,-46.3996091
São Paulo,Itaquera,-23.5360799,-46.4555099
São Paulo,Itupu,-23.6926868,-46.739434
São Paulo,Jabaquara,-23.6520656,-46.650037329076994
São Paulo,Jaçanã,-23.4639591,-46.5824232
São Paulo,Jaguare,-23.5420355,-46.74949925025804
São Paulo,Jaraguá,-23.446592000000003,-46.73617751601424
São Paulo,Jardim Adelaide,-23.4104031,-46.8485139
São Paulo,Jardim Adelfiore,,
São Paulo,Jardim Adélia,-23.1850043,-46.8570628
São Paulo,Jardim Adhemar de Barros,,
São Paulo,Jardim Adutora,-23.6195225,-46.507460472879096
São Paulo,Jardim Aeroporto,-23.2140836,-45.8840069
São Paulo,Jardim Aida,,
São Paulo,Jardim Aimoré,,
São Paulo,Jardim Aladim,,
São Paulo,Jardim Alfredo,-21.4083744,-48.5139366
São Paulo,Jardim Almanara,-23.476468,-46.677270971950605
São Paulo,Jardim Almeida,-23.8013288,-46.7284859
São Paulo,Jardim Almeida Prado,-23.7798947,-46.6899923
São Paulo,Jardim Alpino,-23.7462103,-46.7113451
São Paulo,Jardim Alto Alegre,-20.7901311,-49.3577852
São Paulo,Jardim Alto Paulistano,,
São Paulo,Jardim Alto Pedroso,,
São Paulo,Jardim Alvina,-23.436843000000003,-46.724815392527375
São Paulo,Jardim Alviverde,,
São Paulo,Jardim Alvorada,-23.9595461,-46.2829141
São Paulo,Jardim Alzira,-23.6511205,-46.4994425
São Paulo,Jardim Amália,-23.4121795,-47.4064583
São Paulo,Jardim Amaralina,-23.6040865,-46.79893315521221
São Paulo,Jardim América,-23.4255884,-46.351706
São Paulo,Jardim América da Penha,-23.518679,-46.5532763
São Paulo,Jardim Ampliação,,
São Paulo,Jardim Ana Lúcia,,
São Paulo,Jardim Ana Maria,-23.0982956,-46.978562
São Paulo,Jardim Ana Rosa,-23.0075691,-45.537086
São Paulo,Jardim Anália Franco,-23.5557765,-46.5622613
São Paulo,Jardim Andaraí,,
São Paulo,Jardim Ângela,-23.7125278,-46.7687195
São Paulo,Jardim Angelina,-22.9361656,-45.4538523
São Paulo,Jardim Anhanguera,-20.71764965,-47.894542839003925
São Paulo,Jardim Antártica,-22.3152052,-49.0639414
São Paulo,Jardim Aparecida,-23.2632698,-46.7412145
São Paulo,Jardim Apuana,-23.4524735,-46.5856689
São Paulo,Jardim Apura,-23.7123738,-46.6584285
São Paulo,Jardim Aracati,-23.7223392,-46.7719212
São Paulo,Jardim Arantes,-21.8653013,-51.8483652
São Paulo,Jardim Arco-íris,-23.6227194,-46.9377761
São Paulo,Jardim Aricanduva,,
São Paulo,Jardim Arize,,
São Paulo,Jardim Arizona,,
São Paulo,Jardim Arpoador,-23.5946274,-46.8047135
São Paulo,Jardim Artur Alvim,-23.5331087,-46.4845035
São Paulo,Jardim Assunção,-23.7260533,-46.5606042
São Paulo,Jardim Ataliba Leonel,,
São Paulo,Jardim Atlântico,,
São Paulo,Jardim Augusta,-23.1964707,-45.8786167
São Paulo,Jardim Augusto,-23.5968656,-46.4486002
São Paulo,Jardim Áurea,-23.5225757,-46.3523735
São Paulo,Jardim Aurélia,-23.5959428,-46.6241604
São Paulo,Jardim Aurélio,-22.7175037,-46.8951246
São Paulo,Jardim Aurora,-22.931485,-45.4706603
São Paulo,Jardim Avelino,,
São Paulo,Jardim Avenida,-23.6622797,-47.5791769
São Paulo,Jardim Azano I,,
São Paulo,Jardim Azano II,,
São Paulo,Jardim Bandeirante,-20.5412318,-49.3227381
São Paulo,Jardim Bandeirantes,-22.3934397,-46.9354509
São Paulo,Jardim Bartira,-23.51389305,-46.40237402653444
São Paulo,Jardim Batalha,,
São Paulo,Jardim Beatriz,-23.702032,-46.5741998
São Paulo,Jardim Bela Vista,-23.1772612,-45.8869756
São Paulo,Jardim Belaura,,
São Paulo,Jardim Belcito,,
São Paulo,Jardim Belém,-23.2799587,-46.7451447
São Paulo,Jardim Bélgica,,
São Paulo,Jardim Benfica,,
São Paulo,Jardim Bichinhos,,
São Paulo,Jardim Boa Esperança,-23.4178701,-47.4222726
São Paulo,Jardim Boa Vista,-23.1340899,-45.9099515
São Paulo,Jardim Bom Clima,-20.4265415,-49.9535489
São Paulo,Jardim Bom Pastor,-23.6786285,-46.5512788
São Paulo,Jardim Bom Refúgio,,
São Paulo,Jardim Bonfiglioli,-23.207902,-46.8875032
São Paulo,Jardim Bonito,-24.015519,-48.3418179
São Paulo,Jardim Borba Gato,,
São Paulo,Jardim Botucatu,-23.4549339,-47.5100663
São Paulo,Jardim Bransley,,
São Paulo,Jardim Brasil,-22.1906339,-46.7797241
São Paulo,Jardim Brasil Novo,-22.2795539,-51.492836011255925
São Paulo,Jardim Brasília,-23.5546442,-46.4927353
São Paulo,Jardim Britânia,-23.4345532,-46.7835995
São Paulo,Jardim Bronzato,,
São Paulo,Jardim Buriti,-22.940731,-45.375078763226234
São Paulo,Jardim Caboré,,
São Paulo,Jardim Cabuçu,-23.4254246,-46.5467429
São Paulo,Jardim Cachoeira,-23.6309955,-47.5765682
São Paulo,Jardim Caguassu,,
São Paulo,Jardim Camargo Novo,-23.5043429,-46.3837673
São Paulo,Jardim Cambará,-23.4221168,-46.5559267
São Paulo,Jardim Campinas,-23.1569917,-47.041184891867985
São Paulo,Jardim Campo dos Ferreiros,,
São Paulo,Jardim Campo Grande,-21.7615471,-52.118635
São Paulo,Jardim Campo Limpo,,
São Paulo,Jardim Campos,-22.8280583,-45.2169469
São Paulo,Jardim Capão Redondo,-23.6749048,-46.795916
São Paulo,Jardim Capela,-23.727746449999998,-46.79038465364937
São Paulo,Jardim Capelinha,-20.498722,-48.0015823
São Paulo,Jardim Caravelas,,
São Paulo,Jardim Carlu,,
São Paulo,Jardim Carolina,-23.4263219,-47.4131262
São Paulo,Jardim Carombe,,
São Paulo,Jardim Casa Grande,-23.5704526,-48.0423992
São Paulo,Jardim Casa Pintada,,
São Paulo,Jardim Casablanca,,
São Paulo,Jardim Castelo,,
São Paulo,Jardim Castro Alves,,
São Paulo,Jardim Catanduva,-21.1358003,-49.0048814
São Paulo,Jardim Catarina,-22.8328178,-47.1622255
São Paulo,Jardim Cecy,,
São Paulo,Jardim Celeste,-23.4855674,-47.4932116
São Paulo,Jardim Célia,-23.5560725,-48.008481308450186
São Paulo,Jardim Centenário,-22.3609606,-46.9483048
São Paulo,Jardim Cibele,,
São Paulo,Jardim Cidade Pirituba,,
São Paulo,Jardim Cidalia,,
São Paulo,Jardim Cinco de Julho,,
São Paulo,Jardim Clara Regina,-22.109199850000003,-51.39860279407665
São Paulo,Jardim Clarice,-23.5600664,-47.4560439
São Paulo,Jardim Cláudia,-23.73052345,-46.57617757640044
São Paulo,Jardim Cleide,-23.6677239,-46.4297565
São Paulo,Jardim Clímax,,
São Paulo,Jardim Cliper,-23.7237881,-46.706166326419755
São Paulo,Jardim Coimbra,-23.6579452,-46.4232729
São Paulo,Jardim Colibri,,
São Paulo,Jardim Colombo,-23.6219422,-48.0686707
São Paulo,Jardim Colonial,-23.2842076,-45.894496
São Paulo,Jardim Colorado,-23.5577824,-46.2929089
São Paulo,Jardim Comercial,-23.6545205,-46.75541006111975
São Paulo,Jardim Concórdia,,
São Paulo,Jardim Conquista,-23.6073592,-46.4481325
São Paulo,Jardim Consórcio,-23.67111,-46.67038439857698
São Paulo,Jardim Copacabana,-23.6909871,-46.7716013
São Paulo,Jardim Cordeiro,-23.5591116,-46.4889224
São Paulo,Jardim Corisco,,
São Paulo,Jardim Cotching,,
São Paulo,Jardim Cotiana,,
São Paulo,Jardim Cotinha,-23.510739899999997,-46.47904060218042
São Paulo,Jardim Cris,,
São Paulo,Jardim Cristal,-23.5788359,-47.46692
São Paulo,Jardim Cristália,,
São Paulo,Jardim Cristina,-20.8158425,-49.4994971
São Paulo,Jardim Cruz Corisco,,
São Paulo,Jardim Cruzeiro,-22.3613381,-46.9431806
São Paulo,Jardim D'abril,-23.5747641,-46.7791639
São Paulo,Jardim da Cachoeira,-22.6771172,-45.0040094
São Paulo,Jardim da Campina,-22.888889,-47.081944
São Paulo,Jardim da Conquista,-23.60520125,-46.45726017426203
São Paulo,Jardim da Glória,-23.5827197,-46.6219813
São Paulo,Jardim da Laranjeira,-21.60214335,-48.38892997294859
São Paulo,Jardim da Pedreira,-23.7123738,-46.6584285
São Paulo,Jardim da Saúde,-23.6171973,-46.6185362
São Paulo,Jardim Dalmo,,
São Paulo,Jardim Damasceno,-7.1488703,-34.8487205
São Paulo,Jardim Danfer,-23.5024969,-46.5067477
São Paulo,Jardim das Acácias,-20.9402884,-48.4601569
São Paulo,Jardim das Bandeiras,-23.5537969,-46.8157903
São Paulo,Jardim das Camélias,-21.2703055,-47.309008809056266
São Paulo,Jardim das Carmelitas,,
São Paulo,Jardim das Esmeraldas,-22.3202941,-47.3779714
São Paulo,Jardim das Flores,-23.1479145,-45.7988081
São Paulo,Jardim das Fontes,,
São Paulo,Jardim das Graças,-23.639214,-46.9334043
São Paulo,Jardim das Imbuias,-23.73153755,-46.70915673341246
São Paulo,Jardim das Laranjeiras,-21.8789157,-51.852328
São Paulo,Jardim das Oliveiras,-20.7721022,-49.4116468
São Paulo,Jardim das Palmas,-23.4567737,-46.6036874
São Paulo,Jardim das Palmeiras,-21.1305605,-48.0194819
São Paulo,Jardim das Pedras,-23.7790076,-46.6847563
São Paulo,Jardim das Praias,,
São Paulo,Jardim das Rosas,-23.2839839,-46.7365325
São Paulo,Jardim das Vertentes,-23.590100800000002,-46.74481698577729
São Paulo,Jardim Daysy,,
São Paulo,Jardim de Lorenzo,,
São Paulo,Jardim Denise,-23.2962307,-45.9662415
São Paulo,Jardim Dinar,-23.6812942,-46.7383218
São Paulo,Jardim Dinorah,-23.5994323,-46.9185066
São Paulo,Jardim Dionísio,-20.7359271,-48.9361525
São Paulo,Jardim do Alto,,
São Paulo,Jardim do Campo,,
São Paulo,Jardim do Carmo,-23.4514598,-47.4692199
São Paulo,Jardim do Centro,-20.8260309,-49.389954
São Paulo,Jardim do Colégio,,
São Paulo,Jardim do Divino,-22.2756045,-51.500414255031444
São Paulo,Jardim do Lago,-23.2415124,-45.8410369
São Paulo,Jardim do Tiro,,
São Paulo,Jardim Dom Bosco,-22.3766665,-47.3647857
São Paulo,Jardim Dom Fernando,,
São Paulo,Jardim Dom José,-23.6749048,-46.795916
São Paulo,Jardim Domitila,-23.486448,-46.7508448
São Paulo,Jardim Dona Deolinda,,
São Paulo,Jardim Dona-sinha,-23.591402000000002,-46.51048299285714
São Paulo,Jardim Donaria,,
São Paulo,Jardim dos Álamos,-23.8115094,-46.7374865
São Paulo,Jardim dos Bichinhos,,
São Paulo,Jardim dos Cataldis,,
São Paulo,Jardim dos Estados,-23.5191935,-47.4754837
São Paulo,Jardim dos Eucaliptos,-21.8894787,-51.8372218
São Paulo,Jardim dos Francos,,
São Paulo,Jardim dos Ipês,-22.6738276,-45.00925
São Paulo,Jardim dos Lagos,-23.3097584,-46.7654544
São Paulo,Jardim dos Manacás,-21.7856459,-48.1990252
São Paulo,Jardim dos Pereiras,,
São Paulo,Jardim dos Prados,-24.2622497,-46.9576602
São Paulo,Jardim Dracena,-23.5927619,-46.7597262
São Paulo,Jardim Duprat,-23.6574385,-46.753714095561996
São Paulo,Jardim Edda,,
São Paulo,Jardim Edi,,
São Paulo,Jardim Edilene,-23.7151308,-46.685850220533226
São Paulo,Jardim Edith,,
São Paulo,Jardim Educandário,,
São Paulo,Jardim Egle,,
São Paulo,Jardim Elba,,
São Paulo,Jardim Eledy,,
São Paulo,Jardim Eliana,-23.392036,-47.3798867
São Paulo,Jardim Eliane,-23.557009,-46.50171499537893
São Paulo,Jardim Elisa Maria,-20.3313041,-48.3269475
São Paulo,Jardim Elísio,,
São Paulo,Jardim Eliza,-23.2870891,-46.743656
São Paulo,Jardim Elizabeth,-23.1948734,-47.30713256847156
São Paulo,Jardim Ellus,,
São Paulo,Jardim Elza,-23.1952582,-45.8907371
São Paulo,Jardim Ernestina,-21.4621149,-48.3968329
São Paulo,Jardim Esmeralda,-22.4144379,-46.8352478
São Paulo,Jardim Ester,-23.5813704,-46.7655688
São Paulo,Jardim Ester Yolanda,,
São Paulo,Jardim Estrela D'alva,,
São Paulo,Jardim Etelvina,-23.5301752,-46.4192543
São Paulo,Jardim Europa,-22.7252877,-47.3629074
São Paulo,Jardim Eva,,
São Paulo,Jardim Everest,-22.1064918,-51.4304335
São Paulo,Jardim Fanganiello,-23.54568285,-46.396626737506686
São Paulo,Jardim Faria Lima,-23.5737493,-46.6887724
São Paulo,Jardim Felicidade,-20.7567746,-49.3568452
São Paulo,Jardim Fernandes,-23.5024965,-46.3038887
São Paulo,Jardim Figueira Grande,,
São Paulo,Jardim Filhos da Terra,,
São Paulo,Jardim Filhos Terra,,
São Paulo,Jardim Flor de Maio,,
São Paulo,Jardim Floresta,-23.606434,-47.0282958
São Paulo,Jardim Flórida Paulista,,
São Paulo,Jardim Fluminense,,
São Paulo,Jardim Fontalis,-23.4358302,-46.5770716
São Paulo,Jardim Fonte do Morumbi,,
São Paulo,Jardim Franca,-23.4771766,-46.6143865
São Paulo,Jardim Francisco Mendes,-22.348135499999998,-46.93661657262615
São Paulo,Jardim Fraternidade,-22.9182949,-46.5443972
São Paulo,Jardim Fujihara,,
São Paulo,Jardim Galli,-21.7566981,-48.1630321
São Paulo,Jardim Germania,-23.6572228,-46.7592181
São Paulo,Jardim Gianetti,,
São Paulo,Jardim Gilda Maria,,
São Paulo,Jardim Glória,-20.7321694,-48.9148021
São Paulo,Jardim Gonzaga,-23.5576858,-46.6355505
São Paulo,Jardim Grimaldi,-23.5985166,-46.5196761
São Paulo,Jardim Guacuri,-23.70437,-46.63232953422371
São Paulo,Jardim Guaianazes,-23.5494975,-46.426182448780295
São Paulo,Jardim Guairaca,,
São Paulo,Jardim Guanabara,-22.8930847,-47.0639837
São Paulo,Jardim Guanca,,
São Paulo,Jardim Guanhembu,,
São Paulo,Jardim Guapira,-23.4573682,-46.5887224
São Paulo,Jardim Guarani,-23.2968659,-45.9617522
São Paulo,Jardim Guarapiranga,-23.690603199999998,-46.77406563825714
São Paulo,Jardim Guarau,-23.5954435,-46.7666459
São Paulo,Jardim Guarujá,-23.6937284,-46.7898945
São Paulo,Jardim Guedala,,
São Paulo,Jardim Guiomar,-23.143590600000003,-47.03735350581912
São Paulo,Jardim Gustavo,-23.4781649,-46.5834804
São Paulo,Jardim Hadad,-23.9371641,-46.37204813923585
São Paulo,Jardim Haia do Carrão,,
São Paulo,Jardim Hebrom,,
São Paulo,Jardim Helena,-23.48228355,-46.423410226982504
São Paulo,Jardim Helga,-23.642961,-46.77411065296025
São Paulo,Jardim Helian,,
São Paulo,Jardim Heliomar,,
São Paulo,Jardim Heloísa,-23.4106084,-46.8711928
São Paulo,Jardim Hercilia,,
São Paulo,Jardim Herculano,-23.69184795,-46.75435192772498
São Paulo,Jardim Herplin,-23.7888291,-46.7153683
São Paulo,Jardim Hípico,,
São Paulo,Jardim Humaitá,,
São Paulo,Jardim Iae,-23.6482491,-46.5383582
São Paulo,Jardim Ibirapuera,-22.5935275,-47.4092206
São Paulo,Jardim Ibiratiba,,
São Paulo,Jardim Ibitirama,,
São Paulo,Jardim Icaraí,-22.1251354,-51.4135716
São Paulo,Jardim Ida Guedes,,
São Paulo,Jardim Ideal,-22.2795539,-51.492836011255925
São Paulo,Jardim Iguatemi,-22.9332224,-46.564884
São Paulo,Jardim Imbé,-23.67570455,-46.76470113729799
São Paulo,Jardim Imperador,-23.5891286,-46.5021383
São Paulo,Jardim Imperial,-23.2790501,-45.9008764
São Paulo,Jardim Império,-23.7151308,-46.685850220533226
São Paulo,Jardim Indaiá,-21.7464908,-48.1433092
São Paulo,Jardim Independência,-22.069268,-51.4783132
São Paulo,Jardim Ingá,,
São Paulo,Jardim Internacional,,
São Paulo,Jardim Ipanema,-20.2700459,-50.2762973
São Paulo,Jardim Ipe,-23.5002153,-46.414543
São Paulo,Jardim Iporá,-23.7839695,-46.7117903
São Paulo,Jardim Iporanga,-23.7271039,-46.7040885
São Paulo,Jardim Iracema,-23.5122386,-46.8604775
São Paulo,Jardim Irapiranga,,
São Paulo,Jardim Irene,-23.3463009,-47.6923672
São Paulo,Jardim Íris,-21.8241903,-48.1438865
São Paulo,Jardim Itacolomi,-23.6625583,-46.6519454
São Paulo,Jardim Itajaí,-23.7628543,-46.6896022
São Paulo,Jardim Itália,-23.5897055,-48.0338551
São Paulo,Jardim Itaóca,-23.6597695,-46.7749383
São Paulo,Jardim Itapema,-20.7794477,-49.3939465
São Paulo,Jardim Itapemirim,-23.4800372,-47.5052923
São Paulo,Jardim Itapeva,-23.672454,-46.4138961
São Paulo,Jardim Itápolis,-21.6154284,-48.81520570761661
São Paulo,Jardim Itapura,-22.1261665,-51.3713395
São Paulo,Jardim Itatiaia,-23.2063093,-46.9043286
São Paulo,Jardim Iv Centenário,-23.1802446,-46.9243949629822
São Paulo,Jardim Iva,-23.6700924,-46.79906229008792
São Paulo,Jardim Ivana,,
São Paulo,Jardim Ivone,-22.2807576,-49.064289036674445
São Paulo,Jardim Jabaquara,-23.6526887,-46.61639075253683
São Paulo,Jardim Jaçanã,-23.4678052,-46.5756811
São Paulo,Jardim Jamaica,-23.6825827,-46.5323021
São Paulo,Jardim Japão,-23.6645771,-47.0740279
São Paulo,Jardim Jaqueline,-23.5945788,-46.7536592
São Paulo,Jardim Jaraguá,-23.1491415,-46.5595476
São Paulo,Jardim Jaú,-22.4028695,-47.9759482
São Paulo,Jardim Joamar,-23.449106550000003,-46.596223127060405
São Paulo,Jardim Joana D'arc,,
São Paulo,Jardim João Xxiii,-23.6028459,-46.7927124
São Paulo,Jardim Jordão,-22.7090536,-45.5611256
São Paulo,Jardim Juá,-23.61224025,-46.63519647195069
São Paulo,Jardim Julieta,-23.5490196,-46.9244594
São Paulo,Jardim Jurema,-23.4434759,-46.4258902
São Paulo,Jardim Jussara,-23.5955395,-46.7597237
São Paulo,Jardim Kagohara,,
São Paulo,Jardim Keralux,-23.4823774,-46.4936394
São Paulo,Jardim Kika,-23.7362791,-46.68670027176191
São Paulo,Jardim Kioto,,
São Paulo,Jardim Labitary,,
São Paulo,Jardim Lajeado,-23.5301752,-46.4192543
São Paulo,Jardim Lallo,,
São Paulo,Jardim Laone,,
São Paulo,Jardim Lapena,,
São Paulo,Jardim Laranjeira,-21.60214335,-48.38892997294859
São Paulo,Jardim Laranjeira - Zona Leste,,
São Paulo,Jardim Laura,-23.7456621,-46.6130325
São Paulo,Jardim Leila,-23.542320500000002,-46.38167904449065
São Paulo,Jardim Leme,-23.6387903,-46.7895888
São Paulo,Jardim Leni,,
São Paulo,Jardim Leonardo,-23.6482491,-46.5383582
São Paulo,Jardim Leônidas Moreira,,
São Paulo,Jardim Leonor,-23.6087105,-46.9300813
São Paulo,Jardim Leonor Mendes de Barros,-23.4662424,-46.6106314
São Paulo,Jardim Letícia,-22.1964698,-47.4061346
São Paulo,Jardim Líbano,-23.485661,-46.7327022
São Paulo,Jardim Líder,-23.5546442,-46.4927353
São Paulo,Jardim Liderança,,
São Paulo,Jardim Lídia,-23.6752287,-46.4593389
São Paulo,Jardim Lilah,,
São Paulo,Jardim Limoeiro,-23.4001845,-46.3175881
São Paulo,Jardim Lisboa,-23.5196635,-46.4977812
São Paulo,Jardim Londrina,-23.2554217,-51.1762897
São Paulo,Jardim Los Angeles,-20.7937932,-49.3993204
São Paulo,Jardim Lourdes,-22.27558355,-51.500597748041926
São Paulo,Jardim Luanda,,
São Paulo,Jardim Lucélia,-21.70795735,-51.057932505137515
São Paulo,Jardim Lúcia,-22.8336811,-47.1679316
São Paulo,Jardim Luciana,-22.1853176,-49.9343526
São Paulo,Jardim Lucinda,-23.6293285,-46.5138629
São Paulo,Jardim Luisa,,
São Paulo,Jardim Luso,-23.687737,-46.638878097517484
São Paulo,Jardim Luzitania,-23.64705085,-46.78020523242816
São Paulo,Jardim Mabel,-23.5069865,-46.37828252353474
São Paulo,Jardim Macedônia,-23.655197,-46.792709296535136
São Paulo,Jardim Machado,-23.5805931,-46.6977209
São Paulo,Jardim Maggi,-23.321769,-46.7673532
São Paulo,Jardim Maia,-23.4940321,-46.4140362
São Paulo,Jardim Malia I,,
São Paulo,Jardim Malia Ii,,
São Paulo,Jardim Mangalot,-23.4916257,-46.747597
São Paulo,Jardim Marabá,-22.3671752,-49.0350139
São Paulo,Jardim Maracá,,
São Paulo,Jardim Maracanã,-20.8266736,-49.4093424
São Paulo,Jardim Marajoara,-23.6553634,-46.6849371
São Paulo,Jardim Marcel,,
São Paulo,Jardim Marco Paulo,-23.1699078,-46.8885617
São Paulo,Jardim Margarida,-23.6150035,-47.0434452
São Paulo,Jardim Maria Amália,,
São Paulo,Jardim Maria Augusta,-23.0253723,-45.5442469
São Paulo,Jardim Maria Duarte,-23.6159206,-46.7558079
São Paulo,Jardim Maria Emília,-22.9162409,-45.4458642
São Paulo,Jardim Maria Estela,,
São Paulo,Jardim Maria Lídia,,
São Paulo,Jardim Maria Lúcia,-20.7672804,-49.4049768
São Paulo,Jardim Maria Luíza,-23.5879016,-48.0621055
São Paulo,Jardim Maria Nazaré,,
São Paulo,Jardim Maria Rita,,
São Paulo,Jardim Maria Sampaio,,
São Paulo,Jardim Maria Virgínia,-22.27558355,-51.500597748041926
São Paulo,Jardim Mariane,,
São Paulo,Jardim Marilda,-23.4264085,-46.514675495675256
São Paulo,Jardim Marília,-23.5668273,-46.4966351
São Paulo,Jardim Mariliza,,
São Paulo,Jardim Marilu,-20.8113238,-49.5026508
São Paulo,Jardim Maringá,-23.666248,-46.428763
São Paulo,Jardim Marisa,-23.037882,-47.112788
São Paulo,Jardim Maristela,-23.4884604,-46.7524431
São Paulo,Jardim Marpu,,
São Paulo,Jardim Marquesa,,
São Paulo,Jardim Martini,-22.82407665,-47.07837874934823
São Paulo,Jardim Martinica,,
São Paulo,Jardim Martins Silva,,
São Paulo,Jardim Matarazzo,-23.4815943,-46.49428538907014
São Paulo,Jardim Mazza,-23.5385152,-46.2926268
São Paulo,Jardim Meliunas,,
São Paulo,Jardim Melo,-23.6865424,-46.635203
São Paulo,Jardim Mimar,,
São Paulo,Jardim Miragaia,,
São Paulo,Jardim Mirante,-23.4453425,-46.9241231
São Paulo,Jardim Miriam,-23.6810039,-46.6396596
São Paulo,Jardim Mitsutani,-23.64780615,-46.78981661900375
São Paulo,Jardim Modelo,-23.4678052,-46.5756811
São Paulo,Jardim Mônica,-23.4811513,-46.286623
São Paulo,Jardim Monjolo,,
São Paulo,Jardim Monte Alegre,-23.6005259,-46.7681687
São Paulo,Jardim Monte Azul,,
São Paulo,Jardim Monte Belo,-23.4442125,-46.80011256841483
São Paulo,Jardim Monte Kemel,,
São Paulo,Jardim Monte Verde,-23.8753608,-48.0058357
São Paulo,Jardim Morais Prado,,
São Paulo,Jardim Moreno,-23.5113032,-47.44556417980861
São Paulo,Jardim Morro Verde,-22.3887226,-46.9323562
São Paulo,Jardim Morumbi,-23.4674102,-47.4404657
São Paulo,Jardim Mutinga,-23.4969236,-46.8142299
São Paulo,Jardim Myrna,-23.770667,-46.6936448
São Paulo,Jardim Nadir,,
São Paulo,Jardim Nair,-22.9235737,-45.4688263
São Paulo,Jardim Nakamura,-23.70077895,-46.77498506356635
São Paulo,Jardim Namba,,
São Paulo,Jardim Naufal,,
São Paulo,Jardim Nazareth,-20.7826888,-49.358338
São Paulo,Jardim Neide,-23.1854907,-46.8523652
São Paulo,Jardim Neila,,
São Paulo,Jardim Nélia,-23.513463,-46.386878982032854
São Paulo,Jardim Nélia Iv,,
São Paulo,Jardim Nelly,,
São Paulo,Jardim Nice,-23.6430392,-46.5077268
São Paulo,Jardim Ninho Verde II,,
São Paulo,Jardim Niterói,,
São Paulo,Jardim Nizia,,
São Paulo,Jardim Noêmia,-20.5576425,-47.3730243
São Paulo,Jardim Nordeste,-23.5331087,-46.4845035
São Paulo,Jardim Norma,-23.4504425,-46.72011469169482
São Paulo,Jardim Noronha,-23.7696883,-46.677779
São Paulo,Jardim Nossa Senhora Aparecida,-23.2586109,-46.7327964
São Paulo,Jardim Nossa Senhora do Carmo,,
São Paulo,Jardim Nosso Lar,-23.0355592,-49.7095839
São Paulo,Jardim Nova Conquista,-22.7277466,-47.3826209
São Paulo,Jardim Nova Germania,,
São Paulo,Jardim Nova Guaianazes,,
São Paulo,Jardim Nova Harmonia,-20.7367296,-48.9050916
São Paulo,Jardim Nova Tereza,-23.3463784,-46.7465493
São Paulo,Jardim Nova Vitória I,,
São Paulo,Jardim Nova Vitória II,,
São Paulo,Jardim Nove de Julho,,
São Paulo,Jardim Novo Carrão,,
São Paulo,Jardim Novo Horizonte,-23.350277,-47.6823817
São Paulo,Jardim Novo Jaú,,
São Paulo,Jardim Novo Lar,,
São Paulo,Jardim Novo Mundo,-20.8296944,-49.3782932
São Paulo,Jardim Novo Pantanal,,
São Paulo,Jardim Novo Parelheiros,-23.829801,-46.7266951
São Paulo,Jardim Novo Santo Amaro,,
São Paulo,Jardim Novo Taboão,,
São Paulo,Jardim Odete,-23.4663289,-46.3299823
São Paulo,Jardim Olinda,-22.7562078,-47.1771294
São Paulo,Jardim Olympia,,
São Paulo,Jardim Ondina,-23.5317066,-47.4304578
São Paulo,Jardim Orbam,,
São Paulo,Jardim Oriental,-23.2447832,-45.9024001
São Paulo,Jardim Orly,,
São Paulo,Jardim Palmares,-20.3366143,-48.3207174
São Paulo,Jardim Palmares - Zona Norte,,
São Paulo,Jardim Panorama,-20.8258541,-49.4046526
São Paulo,Jardim Panorama D'oeste,-20.8258541,-49.4046526
São Paulo,Jardim Pantanal,-22.329573,-46.9269375
São Paulo,Jardim Papai Noel,-23.8254716,-46.7024022
São Paulo,Jardim Paquetá,-23.468049,-46.71420060827478
São Paulo,Jardim Paraguaçu,-22.4131286,-50.57279727301588
São Paulo,Jardim Paraíso,-22.4785078,-46.623682
São Paulo,Jardim Paraná,-22.6426898,-50.4315113
São Paulo,Jardim Paris,-23.5208681,-47.4932086
São Paulo,Jardim Parque Morumbi,-23.6231623,-46.7287918
São Paulo,Jardim Patente,-23.6276252,-46.586882
São Paulo,Jardim Patente Novo,,
São Paulo,Jardim Paulista,-23.5674355,-46.66369172062514
São Paulo,Jardim Paulistano,-22.7253711,-47.337275
São Paulo,Jardim Paulo Afonso,-10.3854771,-38.0505876
São Paulo,Jardim Paulo Vi,-23.5997211,-46.7872301
São Paulo,Jardim Pedra Branca,-23.581581200000002,-46.41925852809988
São Paulo,Jardim Pedras,-23.7790076,-46.6847563
São Paulo,Jardim Pedro José Nunes,-23.5015079,-46.465787
São Paulo,Jardim Penha,-22.429573,-46.8271284
São Paulo,Jardim Pereira Leite,,
São Paulo,Jardim Pereiras,-23.0848345,-47.9746771
São Paulo,Jardim Peri,-23.4570897,-46.6668812
São Paulo,Jardim Peri Novo,,
São Paulo,Jardim Peri Peri,-23.4570897,-46.6668812
São Paulo,Jardim Pérola I,-22.7448372,-47.3714211
São Paulo,Jardim Pérola II,-22.7448372,-47.3714211
São Paulo,Jardim Pérola III,-22.7448372,-47.3714211
São Paulo,Jardim Petrópolis,-23.620298,-46.9293332
São Paulo,Jardim Picolo,,
São Paulo,Jardim Pinheiros,-21.7697136,-48.1364078
São Paulo,Jardim Piqueroby,,
São Paulo,Jardim Piracuama,,
São Paulo,Jardim Pirajussara,-23.656397300000002,-46.808631678851455
São Paulo,Jardim Piratininga,-23.4952694,-47.4312204
São Paulo,Jardim Pirituba,-23.4367799,-46.7205286
São Paulo,Jardim Planalto,-22.0633144,-46.9688798
São Paulo,Jardim Ponte Rasa,,
São Paulo,Jardim Popular,-23.5168481,-46.5037729
São Paulo,Jardim Portal I E Ii,,
São Paulo,Jardim Porteira Grande,-23.5779273,-46.218407
São Paulo,Jardim Pouso Alegre,-23.327051,-46.7200863
São Paulo,Jardim Prainha,-9.39441175,-38.243489325439015
São Paulo,Jardim Premiano,,
São Paulo,Jardim Presidente,-23.7303056,-46.702083
São Paulo,Jardim Previdência,-23.6225846,-46.6175165
São Paulo,Jardim Primavera,-23.2848366,-45.9488406
São Paulo,Jardim Princesa,-23.4088432,-46.4769383
São Paulo,Jardim Progresso,-21.9931961,-46.7820062
São Paulo,Jardim Promissão,-23.6958415,-46.5989842
São Paulo,Jardim Prudência,-23.64494605,-46.67252862486157
São Paulo,Jardim Quarto Centenário,,
São Paulo,Jardim Quisisana,,
São Paulo,Jardim Ramala,,
São Paulo,Jardim Raposo Tavares,-23.5946274,-46.8047135
São Paulo,Jardim Real,-23.3065116,-45.9285481
São Paulo,Jardim Recanto do Sol,-23.1657874,-47.739015
São Paulo,Jardim Recanto Verde,,
São Paulo,Jardim Record,-23.629288,-46.7857814
São Paulo,Jardim Recreio,-21.1729197,-47.8661616
São Paulo,Jardim Redenção,,
São Paulo,Jardim Redil,,
São Paulo,Jardim Regina,-22.9413813,-45.3757064
São Paulo,Jardim Régis,-23.6482491,-46.5383582
São Paulo,Jardim Reimberg,,
São Paulo,Jardim Represa,-23.4044655,-46.8770597
São Paulo,Jardim República,-23.5546721,-46.642667
São Paulo,Jardim Ribilene,,
São Paulo,Jardim Ricardo,-22.8940998,-47.1723819
São Paulo,Jardim Rincão,-23.402804600000003,-46.336906648202906
São Paulo,Jardim Rio Bonito,,
São Paulo,Jardim Rio Douro,,
São Paulo,Jardim Rio Pequeno,,
São Paulo,Jardim Riviera,-23.7451155,-46.4941872
São Paulo,Jardim Rizzo,-23.4707951,-47.468738436388605
São Paulo,Jardim Robru,-23.5210822,-46.4110381
São Paulo,Jardim Rodolfo Pirani,,
São Paulo,Jardim Romano,-23.4803729,-46.3840889
São Paulo,Jardim Roni,,
São Paulo,Jardim Rosa Maria,-23.5918247,-46.77103
São Paulo,Jardim Rosana,-23.64656725,-46.77453232146234
São Paulo,Jardim Roschel,-23.829801,-46.7266951
São Paulo,Jardim Roseli,-23.5980591,-46.4363475
São Paulo,Jardim Rosina,-23.6614682,-46.4626535
São Paulo,Jardim Rosinha,-23.2679507,-47.2848827
São Paulo,Jardim Rossin,,
São Paulo,Jardim Rubilene,,
São Paulo,Jardim Rubio,,
São Paulo,Jardim Russo,-23.5509275,-46.801701489358194
São Paulo,Jardim Ruth,-23.5261959,-46.3439681
São Paulo,Jardim S Kemel,,
São Paulo,Jardim Sabará,-22.1154849,-51.4219402
São Paulo,Jardim Sabiá,-23.7831588,-46.6911375
São Paulo,Jardim Sabiá II,-23.7831588,-46.6911375
São Paulo,Jardim Sagrado Coração,,
São Paulo,Jardim Samambaia,-23.1525548,-47.0534013
São Paulo,Jardim Samara,,
São Paulo,Jardim Sandra,-23.6341934,-46.94469
São Paulo,Jardim Sandra Maria,-23.0282541,-45.5305001
São Paulo,Jardim Santa Adélia,-20.2871561,-50.2279794
São Paulo,Jardim Santa Bárbara,-23.1495913,-47.0304377
São Paulo,Jardim Santa Cruz,-22.3252776,-46.9429522
São Paulo,Jardim Santa Edwiges,-23.3302593,-46.7541024
São Paulo,Jardim Santa Efigênia,-20.730007,-48.9123076
São Paulo,Jardim Santa Emília,,
São Paulo,Jardim Santa Etelvina,-23.58750535,-46.42098733720631
São Paulo,Jardim Santa Fé,-23.8311875,-46.71258941892523
São Paulo,Jardim Santa Filomena,-22.1282657,-51.3816912
São Paulo,Jardim Santa Francisca Cabrini,,
São Paulo,Jardim Santa Gertrudes,-23.2467873,-46.8544198
São Paulo,Jardim Santa Helena,-22.9888087,-46.5255004
São Paulo,Jardim Santa Ines,-23.7114097,-46.4356886
São Paulo,Jardim Santa Josefina,,
São Paulo,Jardim Santa Lucrécia,,
São Paulo,Jardim Santa Margarida,,
São Paulo,Jardim Santa Maria,-23.5831825,-46.811105
São Paulo,Jardim Santa Mônica,-23.4769042,-46.7469233
São Paulo,Jardim Santa Rita,-22.3172075,-46.9499556
São Paulo,Jardim Santa Tereza,-23.2641412,-47.3082662
São Paulo,Jardim Santa Terezinha,-23.4099122,-46.4464433
São Paulo,Jardim Santa Zélia,-22.27976365,-51.49281725448354
São Paulo,Jardim Santo Alberto,-23.6305741,-46.4948801
São Paulo,Jardim Santo Amaro,-23.451397,-47.4916213
São Paulo,Jardim Santo André,-22.3436777,-46.9424425
São Paulo,Jardim Santo Antoninho,,
São Paulo,Jardim Santo Antônio,-22.3491683,-46.9451016
São Paulo,Jardim Santo Elias,-23.497383,-46.7491811
São Paulo,Jardim Santo Onofre,,
São Paulo,Jardim Santos Dumont,-22.3396129,-49.0269192
São Paulo,Jardim São Benedito,-21.0082803,-48.2066613
São Paulo,Jardim São Bento,-21.7634055,-48.2132639
São Paulo,Jardim São Bento Novo,,
São Paulo,Jardim São Bernardo,-20.2910748,-50.2393521
São Paulo,Jardim São Carlos,-22.3526534,-46.9438418
São Paulo,Jardim São Cristóvão,-23.0525736,-47.8407421
São Paulo,Jardim São Francisco,-22.3383027,-46.9354057
São Paulo,Jardim São Francisco de Assis,-22.8072852,-47.2242949
São Paulo,Jardim São Gabriel,-23.3638422,-46.0266331
São Paulo,Jardim São Gilberto,,
São Paulo,Jardim São Gonçalo,,
São Paulo,Jardim São Januário,,
São Paulo,Jardim São João,-24.3239798,-47.0081115
São Paulo,Jardim São Joaquim,-22.3552654,-47.3919082
São Paulo,Jardim São Jorge,-23.4200222,-46.2913881
São Paulo,Jardim São José,-23.2988287,-45.974894
São Paulo,Jardim São Judas Tadeu,-23.6306975,-46.8100456
São Paulo,Jardim São Luís,-23.683573250000002,-46.737762089371984
São Paulo,Jardim São Manoel,-22.5795553,-47.406221
São Paulo,Jardim São Martinho,,
São Paulo,Jardim São Mateus,-24.4974784,-47.8616571
São Paulo,Jardim São Miguel,-22.9461109,-46.5625454
São Paulo,Jardim São Nicolau,-23.827615,-46.6974912
São Paulo,Jardim São Paulo,-22.3616557,-46.9351133
São Paulo,Jardim São Pedro,-23.5114615,-46.1370753
São Paulo,Jardim São Rafael,-20.4210908,-49.9916312
São Paulo,Jardim São Remo,,
São Paulo,Jardim São Ricardo,-23.2129192,-45.9100185
São Paulo,Jardim São Roberto,-23.6181147,-46.4987297
São Paulo,Jardim São Roque,-23.5493571,-49.2436232
São Paulo,Jardim São Saverio,,
São Paulo,Jardim São Sebastião,-21.140188,-47.9736278
São Paulo,Jardim São Silvestre,-23.5479655,-46.8010811
São Paulo,Jardim São Vicente,-20.8001691,-49.3685524
São Paulo,Jardim São Vítor,,
São Paulo,Jardim Sapopemba,-23.6181147,-46.4987297
São Paulo,Jardim Sarah,-22.3505869,-49.0543725
São Paulo,Jardim Satélite,-22.1386711,-51.4165883
São Paulo,Jardim Seckler,-23.2138685,-47.5069535
São Paulo,Jardim Selma,-23.3742311,-45.8816488
São Paulo,Jardim Senice,,
São Paulo,Jardim Sertãozinho,-21.1312807,-47.9743573
São Paulo,Jardim Shangrilá,-23.1680612,-46.5722076
São Paulo,Jardim Silva Teles,-23.5011873,-46.4079303
São Paulo,Jardim Silveira,-23.534172050000002,-46.886543714027525
São Paulo,Jardim Sílvia,-23.0774073,-47.9715067
São Paulo,Jardim Sipramar,,
São Paulo,Jardim Soares,-22.3619925,-46.9397562
São Paulo,Jardim Solange,-22.3533021,-49.0932683
São Paulo,Jardim Somara,,
São Paulo,Jardim Sônia,-20.784685,-49.372874
São Paulo,Jardim Sônia Ingá,-23.6759558,-46.76781777799884
São Paulo,Jardim Sônia Regina,,
São Paulo,Jardim Soraia,-20.8176967,-49.3520437
São Paulo,Jardim Souza,-23.5067621,-46.1447129
São Paulo,Jardim Sul São Paulo,-23.2478856,-45.8909972
São Paulo,Jardim Suzana,-20.7804919,-49.3732757
São Paulo,Jardim Sydney,,
São Paulo,Jardim Taboão,-23.4311515,-46.5008952
São Paulo,Jardim Taipas,-23.432608,-46.71121
São Paulo,Jardim Tamoio,-23.1905918,-46.85153
São Paulo,Jardim Tanay,,
São Paulo,Jardim Tango,,
São Paulo,Jardim Tapera,,
São Paulo,Jardim Taquaral,-22.8829135,-47.04028950618565
São Paulo,Jardim Tenani,,
São Paulo,Jardim Teresa,-20.2661168,-50.264140893743644
São Paulo,Jardim Têxtil,,
São Paulo,Jardim Thealia,,
São Paulo,Jardim Thomaz,-20.608138150000002,-49.64251703457772
São Paulo,Jardim Tietê,-23.0995593,-47.7211011
São Paulo,Jardim Tiro Alto Pombo,,
São Paulo,Jardim Toca,,
São Paulo,Jardim Tremembé,-23.4358302,-46.5770716
São Paulo,Jardim Três Corações,-23.7695695,-46.6833609
São Paulo,Jardim Três Marias,-23.517715,-46.4934118
São Paulo,Jardim Triana,,
São Paulo,Jardim Tropical,-22.4309683,-46.8106492
São Paulo,Jardim Trussardi,,
São Paulo,Jardim Tua,,
São Paulo,Jardim Tupã,-23.5294076,-46.8860179
São Paulo,Jardim Tupi,-21.3806754,-51.5622233
São Paulo,Jardim Turquesa,,
São Paulo,Jardim Uberaba,,
São Paulo,Jardim Ubirajara,-23.5627596,-46.187978
São Paulo,Jardim Uirapuru,-20.2660864,-50.2646379
São Paulo,Jardim Umarizal,,
São Paulo,Jardim Umuarama,-20.4316527,-49.981699
São Paulo,Jardim União,-23.1200569,-47.249313
São Paulo,Jardim Uniserve,,
São Paulo,Jardim Universidade Pinheiros,,
São Paulo,Jardim Vale das Virtudes,,
São Paulo,Jardim Valparaíso,-21.2235735,-50.866639312800004
São Paulo,Jardim Valquíria,-23.657779750000003,-46.77521992876231
São Paulo,Jardim Varginha,-23.7855608,-46.684585
São Paulo,Jardim Vaz de Lima,,
São Paulo,Jardim Vazani,,
São Paulo,Jardim Vera Cruz,-23.0858615,-48.9135324
São Paulo,Jardim Vergueiro,-23.506289,-47.4617123
São Paulo,Jardim Veronia,,
São Paulo,Jardim Viana,-23.5261959,-46.3439681
São Paulo,Jardim Vieira,-20.7922466,-49.365043
São Paulo,Jardim Vila Carrão,-23.6183101,-46.4545343
São Paulo,Jardim Vila Formosa,-23.3059561,-45.95497
São Paulo,Jardim Vila Mariana,-23.5923787,-46.6261595
São Paulo,Jardim Vila Rica,-23.424303,-49.0870326
São Paulo,Jardim Vilas Boas,,
São Paulo,Jardim Vilma,,
São Paulo,Jardim Virgínia,-24.5245352,-47.8142728
São Paulo,Jardim Virgínia Bianca,,
São Paulo,Jardim Vista Alegre,-22.9274927,-46.5664239
São Paulo,Jardim Vista Linda,-20.71359315,-47.86262761356815
São Paulo,Jardim Vitória,-23.9814843,-46.2366596
São Paulo,Jardim Vitória Régia,-20.8204512,-49.3528584
São Paulo,Jardim Vivan,,
São Paulo,Jardim Wanda,,
São Paulo,Jardim Yara,,
São Paulo,Jardim Zaira,-23.6484225,-46.4330135
São Paulo,Jardim Zilda,-20.7885806,-49.381200641666666
São Paulo,Jardins,-21.2760667,-48.689576799900564
São Paulo,Jardins Recanto das Rosas,-23.181967,-47.73936084155696
São Paulo,Jordanópolis,-23.6816399,-46.573467
São Paulo,Jurubatuba,-24.102211,-48.3813765
São Paulo,Lajeado,-23.53624775,-46.41002184740884
São Paulo,Lapa,-23.5215756,-46.7043491
São Paulo,Lapa de Baixo,,
São Paulo,Lar São Paulo,-22.84496985,-47.11854046582046
São Paulo,Lauzane Paulista,-23.4713573,-46.6445383
São Paulo,Liberdade,-23.566703500000003,-46.63180928373991
São Paulo,Limão,-23.5033149,-46.6752722
São Paulo,Limoeiro,-23.5093496,-46.4660017
São Paulo,Loteamento City Jaraguá,,
São Paulo,Luz,-23.53512225,-46.63539301511077
São Paulo,Mandaqui,-23.4839493,-46.6346367
São Paulo,Maranhão,-23.6187209,-46.8995778
São Paulo,Marsilac,-23.937141599999997,-46.710229892849846
São Paulo,Mata Fria,-23.491597,-46.6338685
São Paulo,Miami Paulista,-23.6426372,-47.0298086
São Paulo,Mirandópolis,-21.1328313,-51.1029422
São Paulo,Moema,-23.597085,-46.6628884
São Paulo,Moinho Velho,-23.6120298,-46.6032972
São Paulo,Mooca,-23.5606808,-46.5971924
São Paulo,Morada do Sol,-23.51496,-46.1508641
São Paulo,Morro do Índio,-23.689209,-46.776741
São Paulo,Morro dos Ingleses,-23.5613395,-46.6472831
São Paulo,Morro Grande,-23.0354175,-48.2790542
São Paulo,Morumbi,-23.5964988,-46.7178446
São Paulo,Nossa Senhora do O,-23.5029723,-46.7041697
São Paulo,Nova Piraju,-23.390553,-49.5043955
São Paulo,Núcleo do Engordador,,
São Paulo,Núcleo Lageado,,
São Paulo,Pacaembu,-21.566243,-51.2633114
São Paulo,Paineiras do Morumbi,,
São Paulo,Palanque,-23.4676962,-47.8545961
São Paulo,Parada,-23.5576912,-46.6330307
São Paulo,Parada Inglesa,-23.48701895,-46.60884227694062
São Paulo,Parada Xv de Novembro,-23.5302754,-46.4344073
São Paulo,Parada Xv Novembro,,
São Paulo,Paraíso,-21.015911,-48.776105
São Paulo,Paraíso do Morumbi,,
São Paulo,Paraisópolis,-23.6151173,-46.7271935
São Paulo,Parelheiros,-23.82479075,-46.73307784970178
São Paulo,Pari,-23.532976,-46.6158488
São Paulo,Parque Alto do Rio Bonito,,
São Paulo,Parque Alves de Lima,,
São Paulo,Parque Amazonas,-19.86865665,-43.92347512236367
São Paulo,Parque Amélia,,
São Paulo,Parque América,-23.7786464,-46.4069423
São Paulo,Parque Anhanguera,-23.42522615,-46.777143713697136
São Paulo,Parque Anhembi,-23.516147099999998,-46.64254908902576
São Paulo,Parque Arariba,-23.639358299999998,-46.7508121893928
São Paulo,Parque Artur Alvim,-23.5400697,-46.48754377844347
São Paulo,Parque Atlântico,,
São Paulo,Parque Bairro Morumbi,,
São Paulo,Parque Belém,,
São Paulo,Parque Boa Esperança,-23.5428773,-46.9594984
São Paulo,Parque Bologne,,
São Paulo,Parque Boturussu,,
São Paulo,Parque Brasil,-22.9370637,-46.5548847
São Paulo,Parque Bristol,,
São Paulo,Parque Casa de Pedra,,
São Paulo,Parque Central,-23.6456329,-46.5250579
São Paulo,Parque Cisper,-23.48899825,-46.49401003897003
São Paulo,Parque Cocaia,-23.8198977,-45.36183961082953
São Paulo,Parque Colonial,-23.7263545,-46.6841448
São Paulo,Parque Continental,-23.5445527,-46.7582103
São Paulo,Parque Cristina,,
São Paulo,Parque Cruzeiro do Sul,-22.12076165,-51.41894820995891
São Paulo,Parque da Lapa,,
São Paulo,Parque da Mooca,-23.5705085,-46.5869081
São Paulo,Parque da Vila Prudente,,
São Paulo,Parque das Árvores,-22.7995747,-45.2103863
São Paulo,Parque das Cerejeiras,-22.1300963,-51.4153528
São Paulo,Parque das Flores,-23.3783107,-49.5058307
São Paulo,Parque das Paineiras,-23.537549,-46.4829875
São Paulo,Parque Deizy,,
São Paulo,Parque do Carmo,-23.5787082,-46.458056
São Paulo,Parque do Castelo,-20.5568965,-47.3943206
São Paulo,Parque do Lago,-23.5449679,-46.8972459
São Paulo,Parque do Morumbi,,
São Paulo,Parque do Otero,,
São Paulo,Parque do Terceiro Lago,,
São Paulo,Parque Dom João Neri,,
São Paulo,Parque Doroteia,-23.5533643,-46.69164278153339
São Paulo,Parque dos Bancários,,
São Paulo,Parque dos Príncipes,-23.5756693,-46.7709742
São Paulo,Parque Edu Chaves,-23.475745,-46.5668027
São Paulo,Parque Esmeralda,-23.7437254,-46.5949451
São Paulo,Parque Esperança,-23.52522855,-46.52245939294551
São Paulo,Parque Fernanda,-23.6767146,-46.7939672
São Paulo,Parque Flamengo,-23.4223307,-46.5181908
São Paulo,Parque Florestal,-20.5391634,-47.4598644
São Paulo,Parque Fongaro,-23.6335456,-46.5941876
São Paulo,Parque Grajaú,-23.7360922,-46.6933446
São Paulo,Parque Guaianazes,-23.53844865,-46.40511255816732
São Paulo,Parque Guarani,,
São Paulo,Parque Ibirapuera,-23.58771265,-46.65852139371083
São Paulo,Parque Imperial,-23.413867,-46.5109721
São Paulo,Parque Independência,-23.2527734,-45.9173562
São Paulo,Parque Industrial,-23.2309663,-45.905119
São Paulo,Parque Industrial Tomás Edson,,
São Paulo,Parque Ipe,-23.5957714,-46.7971705
São Paulo,Parque Itaberaba,-23.48593195,-46.692303561255684
São Paulo,Parque Jabaquara,-22.0955301,-51.3885114
São Paulo,Parque Lagoa Rica,,
São Paulo,Parque Lígia,-20.306232,-48.32336086337776
São Paulo,Parque Luís Mucciolo,,
São Paulo,Parque Malagoli,,
São Paulo,Parque Mandaqui,-23.4664042,-46.6334207
São Paulo,Parque Mandi,-23.36329225,-46.01961170471402
São Paulo,Parque Maria Alice,,
São Paulo,Parque Maria Domitila,-23.4912443,-46.7398845
São Paulo,Parque Maria Fernandes,,
São Paulo,Parque Maria Helena,-23.530738,-46.3121052
São Paulo,Parque Maria Luíza,-22.7971445,-47.20319602707967
São Paulo,Parque Monteiro Soares,-23.4904769,-46.6877119
São Paulo,Parque Morumbi,-23.5366117,-47.4559328
São Paulo,Parque Munhoz,-20.42584905,-50.00613380044092
São Paulo,Parque Nações Unidas,-23.4463355,-46.7375747
São Paulo,Parque Novo Grajaú,,
São Paulo,Parque Novo Lar,-22.06253985,-46.9781517
São Paulo,Parque Novo Mundo,-23.2632591,-47.6720595
São Paulo,Parque Novo Santo Amaro,-23.6988272,-46.7830281
São Paulo,Parque Paineiras,-23.537549,-46.4829875
São Paulo,Parque Palmas do Tremembé,-23.4605731,-46.6075123
São Paulo,Parque Panamericano,,
São Paulo,Parque Paulistano,-22.3240935,-49.0483628
São Paulo,Parque Penha,-23.52522855,-46.52245939294551
São Paulo,Parque Pereira,-23.30193395,-45.97169592602759
São Paulo,Parque Peruche,-23.4976702,-46.65486865
São Paulo,Parque Planalto,-23.0021128,-45.5791611
São Paulo,Parque Primavera,-21.6060046,-48.3726788
São Paulo,Parque Ramos Freitas,,
São Paulo,Parque Rebouças,,
São Paulo,Parque Recreio,-22.7815443,-46.59242408146032
São Paulo,Parque Regina,-22.8200389,-47.1650354
São Paulo,Parque Residencial Cocaia,,
São Paulo,Parque Residencial D'abril,,
São Paulo,Parque Residencial da Lapa,,
São Paulo,Parque Residencial dos Lagos,-23.17336565,-47.05361906421002
São Paulo,Parque Residencial Júlia,,
São Paulo,Parque Residencial Oratório,,
São Paulo,Parque Rodrigues Alves,-23.154540400000002,-47.74047333712227
São Paulo,Parque Santa Amélia,,
São Paulo,Parque Santa Bárbara,-22.4454992,-46.8362907
São Paulo,Parque Santa Cecília,,
São Paulo,Parque Santa Madalena,-23.61258735,-46.513947761653256
São Paulo,Parque Santa Rita,-23.5158081,-46.4175029
São Paulo,Parque Santana,-23.5398094,-46.2005863
São Paulo,Parque Santo Amaro,-23.676847000000002,-46.75509652047124
São Paulo,Parque Santo Antônio,-23.3142164,-45.958625
São Paulo,Parque Santo Eduardo,-22.9847417,-49.88152876383778
São Paulo,Parque São Domingos,-22.9348324,-45.4534005
São Paulo,Parque São Jorge,-23.5299682,-46.5660668
São Paulo,Parque São José,-20.54158865,-47.39040130410142
São Paulo,Parque São Lourenço,,
São Paulo,Parque São Lucas,-22.0970565,-51.4017338
São Paulo,Parque São Luís,-23.480290500000002,-46.689992514381785
São Paulo,Parque São Miguel,-20.797817,-49.3488204
São Paulo,Parque São Paulo,-21.7812511,-48.1304426
São Paulo,Parque São Rafael,-23.7301299,-46.5329787
São Paulo,Parque Savoy City,-23.5632664,-46.4894831
São Paulo,Parque Sevilha,-21.9862835,-51.6558175
São Paulo,Parque Sônia,-23.59495045,-46.75081708557407
São Paulo,Parque Taipas,-23.428522,-46.7137028
São Paulo,Parque Tamari,,
São Paulo,Parque Tietê,,
São Paulo,Parque Tomás Saraiva,,
São Paulo,Parque Universitário Espírita,,
São Paulo,Parque Veloso,-23.416265850000002,-46.47310022802588
São Paulo,Parque Vila Maria,-22.4703968,-46.61391797334096
São Paulo,Parque Vitória,-23.4713113,-46.5947064
São Paulo,Pedreira,-24.076612400000002,-48.89267784790535
São Paulo,Penha de Franca,-23.523683,-46.5437815
São Paulo,Penha França,-23.5278574,-46.5480249
São Paulo,Perdizes,-23.537929499999997,-46.68067051085396
São Paulo,Perus,-23.4084915,-46.743643244261776
São Paulo,Pinheiros,-23.567249,-46.7019515
São Paulo,Piqueri,-23.5039805,-46.7148182
São Paulo,Pirajussara,-23.648979,-46.8187528
São Paulo,Pirituba,-23.485533,-46.7219385
São Paulo,Planalto Paulista,-22.3302088,-52.2244637
São Paulo,Ponte Pequena,,
São Paulo,Ponte Rasa,-23.5110455,-46.4870517
São Paulo,Praia Azul,,
São Paulo,Praia da Lagoa,-23.590619750000002,-45.25336586484622
São Paulo,Praia do Leblon,,
São Paulo,Praia Paulistinha,-23.71697085,-46.68295237937853
São Paulo,Praias Paulistanas,,
São Paulo,Promorar Vila Maria,,
São Paulo,Protendit,,
São Paulo,Quarta Parada,-23.54666585,-46.58209754133325
São Paulo,Quinta da Paineira,-23.58848555,-46.58794280980811
São Paulo,Raposo Tavares,-23.59161035,-46.78035945303711
São Paulo,Real Parque,-22.5672753,-47.4132936
São Paulo,Recanto Alegre,-23.7119665,-46.4324847
São Paulo,Recanto Ana Maria,,
São Paulo,Recanto Campo Belo,-20.4936799,-47.3925793
São Paulo,Recanto dos Sonhos,-23.7643342,-46.5578566
São Paulo,Recanto Marisa,,
São Paulo,Recanto Monte Alegre,,
São Paulo,Recanto Paraíso,-21.99924745,-47.92457389519191
São Paulo,Recanto Santo Antônio,,
São Paulo,Recanto Verde do Sol,,
São Paulo,República,-23.545334500000003,-46.64225711835967
São Paulo,Residencial Morumbi,-21.863291,-51.847744
São Paulo,Residencial Sol Nascente,-23.2142142,-47.9560776
São Paulo,Residencial Vilela,-23.54237675,-46.56507489652831
São Paulo,Retiro Morumbi,-23.5964988,-46.7178446
São Paulo,Rio Bonito,-23.1019554,-48.2610535
São Paulo,Rio Pequeno,-23.5685049,-46.75685697298139
São Paulo,Riviera Paulista,-23.5553709,-46.6629792
São Paulo,Rolinopolis,,
São Paulo,Sacomã,-23.6012824,-46.6025552
São Paulo,Santa Amélia,-22.5688355,-50.6436062
São Paulo,Santa Cecília,-23.5296595,-46.65189388826502
São Paulo,Santa Efigênia,-23.9261416,-46.4009831
São Paulo,Santa Etelvina,,
São Paulo,Santa Ifigenia,-23.5376199,-46.6391827
São Paulo,Santa Teresinha,-22.394423449999998,-49.76905656346154
São Paulo,Santana,-22.004508,-50.3862746
São Paulo,Santo Amaro,-23.6562303,-46.7191156
São Paulo,São João Clímaco,-23.6242684,-46.5941503
São Paulo,São Judas,-23.6258085,-46.6409209
São Paulo,São Mateus,-23.5982995,-46.4817046
São Paulo,São Miguel Paulista,-23.5026845,-46.43832867511995
São Paulo,São Salvador,-8.07671775,-34.94207087947478
São Paulo,Sapopemba,-23.6043265,-46.5098851
São Paulo,Saúde,-23.615177950000003,-46.643393343146286
São Paulo,Se,-23.5506507,-46.6333824
São Paulo,Sete Praias,-23.7134195,-46.63148436507936
São Paulo,Siciliano,-23.5343382,-46.6983219
São Paulo,Sítio Areião,,
São Paulo,Sítio Barrocada,,
São Paulo,Sítio Botuquara,,
São Paulo,Sítio Caraguatá,,
São Paulo,Sítio da Figueira,-21.6131082,-48.0727387
São Paulo,Sítio do Mandaqui,,
São Paulo,Sítio do Morro,-23.4821521,-46.9398063
São Paulo,Sítio do Piqueri,,
São Paulo,Sítio Itaberaba I,,
São Paulo,Sítio Itaberaba II,,
São Paulo,Sítio Morro Grande,,
São Paulo,Sítio Pinheirinho,-23.1491477,-46.867894740933785
São Paulo,Sítio Represa,,
São Paulo,Socorro,-22.5902619,-46.5249112
São Paulo,Sumaré,-22.8217964,-47.267105
São Paulo,Sumarezinho,-21.1632261,-47.826194
São Paulo,Super Quadra Morumbi,,
São Paulo,Tatuapé,-23.5402524,-46.5766424
São Paulo,Terceira Divisão,-23.6111877,-46.4333792
São Paulo,Terceira Divisão de Interlagos,,
São Paulo,Tremembé,-22.95714,-45.547526
São Paulo,Três Cruzes,-20.407146,-48.0762216
São Paulo,Tucuruvi,-23.4800747,-46.6032701
São Paulo,Umarizal,-23.6202191,-46.760315129816526
São Paulo,União de Vila Nova,,
São Paulo,Usina Piratininga,-23.9645261,-46.6588647
São Paulo,Valo Velho,-23.646034,-46.785266
São Paulo,Várzea Barra Funda,-23.5254938,-46.6637689
São Paulo,Várzea da Barra Funda,-23.5254938,-46.6637689
São Paulo,Várzea de Baixo,,
São Paulo,Veleiros,-23.7557648,-46.6019735
São Paulo,Vila Abc,-24.1694425,-46.7810431
São Paulo,Vila Acre,-23.4886423,-46.68486010494628
São Paulo,Vila Adalgisa,,
São Paulo,Vila Água Funda,-23.626708999999998,-46.62825001925004
São Paulo,Vila Agueda,,
São Paulo,Vila Aimoré,,
São Paulo,Vila Alabama,,
São Paulo,Vila Alba,,
São Paulo,Vila Albano,-23.5584567,-46.5655308
São Paulo,Vila Albertina,-23.4520555,-46.6113118
São Paulo,Vila Alexandria,-23.6418705,-46.6714284
São Paulo,Vila Almeida,-23.4725437,-47.4710258
São Paulo,Vila Alpina,-23.5958577,-46.5589304
São Paulo,Vila Alzira,-23.6747161,-46.5208321
São Paulo,Vila Amália,-23.471303,-46.6528931
São Paulo,Vila Amélia,-23.5353712,-46.349347
São Paulo,Vila América,-23.6677448,-46.5084794
São Paulo,Vila Americana,,
São Paulo,Vila Ana Rosa,,
São Paulo,Vila Anadir,,
São Paulo,Vila Anália,,
São Paulo,Vila Anastácio,-23.5155169,-46.7182463
São Paulo,Vila Andes,-21.9196932,-48.1755306
São Paulo,Vila Andrade,-23.625687,-46.7269894
São Paulo,Vila Anglo Brasileira,-23.5400826,-46.69492
São Paulo,Vila Anhanguera,-24.110148,-46.6539788
São Paulo,Vila Antonieta,-23.5645429,-46.4905165
São Paulo,Vila Antonina,,
São Paulo,Vila Antônio,-23.6814766,-46.4453107
São Paulo,Vila Antônio dos Santos,,
São Paulo,Vila Aparecida,-22.9530115,-46.5344728
São Paulo,Vila Aparecida Ivone,,
São Paulo,Vila Araguaia,-23.4775422,-46.5574049
São Paulo,Vila Arapuã,-23.6350916,-46.5906251
São Paulo,Vila Arcádia,-29.5004566,-49.8509602
São Paulo,Vila Aricanduva,-23.536301,-46.5415824
São Paulo,Vila Arriete,-23.6821499,-46.6824429
São Paulo,Vila Arruda,-23.5717124,-48.034941
São Paulo,Vila Augusto,-23.501159,-47.472799
São Paulo,Vila Áurea,-23.9437013,-46.2828282
São Paulo,Vila Aurora,-23.4371421,-46.7474817
São Paulo,Vila Aurora - Zona Norte,,
São Paulo,Vila Ayrosa,,
São Paulo,Vila Azevedo,-23.5426905,-46.5713601
São Paulo,Vila Babilônia,-23.64441695,-46.656623803389834
São Paulo,Vila Baby,,
São Paulo,Vila Bancária,-20.8165226,-49.3929488
São Paulo,Vila Bancaria Munhoz,,
São Paulo,Vila Bandeirantes,-23.2472707,-47.313931
São Paulo,Vila Barbosa,,
São Paulo,Vila Barreto,,
São Paulo,Vila Baruel,-23.4972396,-46.6192878
São Paulo,Vila Basileia,-23.47925875,-46.648293541620006
São Paulo,Vila Bauab,,
São Paulo,Vila Beatriz,-23.5499684,-46.6977786
São Paulo,Vila Bela,-23.3114481,-46.7265599
São Paulo,Vila Bela Aliança,-23.5363938,-46.7282767
São Paulo,Vila Bela do Sapopemba,,
São Paulo,Vila Bela Vista,-23.6837518,-46.522997
São Paulo,Vila Belo Horizonte,-23.5589071,-48.0376083
São Paulo,Vila Bertioga,-23.8613536,-46.1654454
São Paulo,Vila Bianca,,
São Paulo,Vila Boacava,-23.5455826,-46.7324597
São Paulo,Vila Bom Jardim,-23.68733615,-46.76091049780248
São Paulo,Vila Bonilha,-21.8225073,-48.1449263
São Paulo,Vila Bonilha Nova,,
São Paulo,Vila Borges,,
São Paulo,Vila Bozzini,,
São Paulo,Vila Brasil,-21.6067489,-46.8979317
São Paulo,Vila Brasilândia,-23.6849879,-46.4495127
São Paulo,Vila Brasília,-21.9989749,-47.885024
São Paulo,Vila Brasilina,-23.5222472,-47.254863
São Paulo,Vila Brasílio Machado,,
São Paulo,Vila Bruna,,
São Paulo,Vila Buarque,-23.5445621,-46.647552
São Paulo,Vila Buenos Aires,-23.5091576,-46.5147421
São Paulo,Vila Butantã,-23.9337163,-46.38046523034218
São Paulo,Vila Cachoeira,-4.2342902,-38.8851703
São Paulo,Vila Caiçara,-24.0476478,-46.526386
São Paulo,Vila Caiuba,-23.399903799999997,-46.75108960483464
São Paulo,Vila Caju,-22.1748097,-47.1985769
São Paulo,Vila Califórnia,-20.9385048,-48.4534621
São Paulo,Vila Calu,-23.73432645,-46.79076915661303
São Paulo,Vila Campanela,-23.5378963,-46.46323931427959
São Paulo,Vila Campestre,-23.7046052,-46.5555651
São Paulo,Vila Campo Grande,-5.902558,-35.7742095
São Paulo,Vila Canero,-23.5329855,-46.6233196
São Paulo,Vila Capela,-28.377891,-54.818024
São Paulo,Vila Caraguatá,,
São Paulo,Vila Carbone,-23.5327589,-46.606862
São Paulo,Vila Cardoso Franco,-23.6255032,-46.5062133
São Paulo,Vila Carioca,-23.4415342,-46.550035
São Paulo,Vila Carlos de Campos,,
São Paulo,Vila Carmem,-21.8713949,-51.8508972
São Paulo,Vila Carmosina,-23.540372,-46.4541709
São Paulo,Vila Carolina,-23.6020823,-48.0646103
São Paulo,Vila Carrão,-23.5498671,-46.5385802
São Paulo,Vila Castelo,-23.4185741,-46.5065456
São Paulo,Vila Catupia,,
São Paulo,Vila Cavaton,,
São Paulo,Vila Caxambu,-23.1515425,-46.8395367
São Paulo,Vila Celeste,-23.4609909,-46.3176489
São Paulo,Vila Centenário,-22.1300834,-51.3732726
São Paulo,Vila Central,-22.6595129,-50.4227563
São Paulo,Vila Chabilândia,,
São Paulo,Vila Chalot,,
São Paulo,Vila Charlote,-22.1217975,-51.4014424
São Paulo,Vila Chavantes,-23.5147409,-46.4422707
São Paulo,Vila Chica Luisa,,
São Paulo,Vila Chuca,,
São Paulo,Vila Cisper,-23.4945595,-46.490538584011446
São Paulo,Vila Clara,-22.3334849,-49.0766773
São Paulo,Vila Clarice,-23.4697253,-46.7445117
São Paulo,Vila Cláudia,-23.6831691,-46.4422664
São Paulo,Vila Clementino,-23.5980058,-46.6434179
São Paulo,Vila Cleonice,,
São Paulo,Vila Comercial,-23.2222801,-46.8831644
São Paulo,Vila Conceição,-22.3040257,-49.0573084
São Paulo,Vila Condomínio do Pinhal,,
São Paulo,Vila Condomínio Pinhal,,
São Paulo,Vila Congonhas,,
São Paulo,Vila Constança,,
São Paulo,Vila Continental,-21.7613946,-52.1143769
São Paulo,Vila Corberi,,
São Paulo,Vila Cordeiro,-22.3163987,-49.0888056
São Paulo,Vila Cosmopolita,,
São Paulo,Vila Costa Melo,-23.5153984,-46.5140675
São Paulo,Vila Cristália,,
São Paulo,Vila Cruz das Almas,,
São Paulo,Vila Cruzeiro,-24.1115912,-49.3414603
São Paulo,Vila Cunha Bueno,-23.6037371,-46.5141677
São Paulo,Vila Curuçá,-23.510151,-46.41789278409091
São Paulo,Vila da Paz,-23.4076529,-49.0910627
São Paulo,Vila da Saúde,-23.6186392,-46.6367235
São Paulo,Vila Dalila,-23.5463973,-46.5203526
São Paulo,Vila Dalva,-23.5641268,-46.76536647385436
São Paulo,Vila Damaceno,,
São Paulo,Vila Danúbio Azul,,
São Paulo,Vila Darli,,
São Paulo,Vila das Belezas,-23.6402476,-46.7457694
São Paulo,Vila das Mercês,-23.6231613,-46.6085346
São Paulo,Vila Deodoro,,
São Paulo,Vila Dinorah,-23.59284125,-46.90997916445653
São Paulo,Vila Dionisia,,
São Paulo,Vila Diva,-22.8090235,-47.1745547
São Paulo,Vila Divina Pastora,,
São Paulo,Vila do Bosque,-23.6204028,-46.6299228
São Paulo,Vila do Castelo,,
São Paulo,Vila do Encontro,-23.651586,-46.6399293
São Paulo,Vila do Sol,-23.7358923,-46.7829024
São Paulo,Vila Dom Pedro I,-23.6019303,-46.6136603
São Paulo,Vila Dom Pedro II,-21.1310318,-51.0950545
São Paulo,Vila Domitila,-23.5033457,-46.74173373142271
São Paulo,Vila Dona Augusta,,
São Paulo,Vila Dona Meta,,
São Paulo,Vila Dona Sara,,
São Paulo,Vila Dorna,,
São Paulo,Vila dos Andradas,,
São Paulo,Vila dos Andrades,-24.4717168,-49.0201939
São Paulo,Vila dos Minérios,,
São Paulo,Vila dos Palmares,-23.6500051,-46.5553447
São Paulo,Vila dos Remédios,-23.5198137,-46.7555497
São Paulo,Vila Doutor Eiras,,
São Paulo,Vila Duarte,-23.5538301,-47.4593496
São Paulo,Vila Ede,-23.4936595,-46.5933904
São Paulo,Vila Elias Nigri,,
São Paulo,Vila Elida,,
São Paulo,Vila Elvira,,
São Paulo,Vila Elze,,
São Paulo,Vila Ema,-23.2045216,-45.9014843
São Paulo,Vila Emir,,
São Paulo,Vila Erna,,
São Paulo,Vila Ernesto,-23.3866361,-47.3490984
São Paulo,Vila Escolar,,
São Paulo,Vila Espanhola,-23.2762343,-46.7415948
São Paulo,Vila Esperança,-23.3424852,-47.8535217
São Paulo,Vila Ester,-23.1669073,-45.8379995
São Paulo,Vila Euthalia,,
São Paulo,Vila Fachini,-23.665903999999998,-46.634603336151756
São Paulo,Vila Fanton,,
São Paulo,Vila Fátima,-23.6329334,-46.3324664
São Paulo,Vila Fazzeoni,,
São Paulo,Vila Feliz,-23.9570285,-46.4481783
São Paulo,Vila Fernandes,-22.0712206,-51.4777897
São Paulo,Vila Fiat Lux,-23.5087106,-46.721452
São Paulo,Vila Fidalgo,,
São Paulo,Vila Fidélis Ribeiro,,
São Paulo,Vila Firmiano Pinto,-23.5989037,-46.6194234
São Paulo,Vila Formosa,-23.5668764,-46.5463233
São Paulo,Vila Franca,-20.5476326,-47.3894168
São Paulo,Vila Franci,,
São Paulo,Vila Francos,-22.696503,-46.721505
São Paulo,Vila Friburgo,-23.474154,-46.64908873916157
São Paulo,Vila Frugoli,,
São Paulo,Vila Fukuya,,
São Paulo,Vila Gabriel,-23.4798304,-47.4522645
São Paulo,Vila Gea,-23.6741496,-46.6875771
São Paulo,Vila Genioli,,
São Paulo,Vila Germinal,,
São Paulo,Vila Gertrudes,-23.349121,-46.7455226
São Paulo,Vila Gil,-20.738445,-48.9194827
São Paulo,Vila Gilda,-23.724914,-46.7534991
São Paulo,Vila Giordano,,
São Paulo,Vila Gomes,-23.667498,-46.4306046
São Paulo,Vila Gomes Cardim,-23.5451502,-46.5617029
São Paulo,Vila Gouveia,,
São Paulo,Vila Graciosa,,
São Paulo,Vila Granada,-23.5235058,-46.5143047
São Paulo,Vila Graziela,,
São Paulo,Vila Guaca,-23.8189336,-45.4601707
São Paulo,Vila Guacuri,-23.689600499999997,-46.64521333962443
São Paulo,Vila Guaraciaba,-23.6274978,-46.9475449
São Paulo,Vila Guarani,-23.5181608,-46.4629905
São Paulo,Vila Guarani - Zona Sul,,
São Paulo,Vila Guedes,-23.3112346,-45.9705028
São Paulo,Vila Guilherme,-23.5170972,-46.6079618
São Paulo,Vila Guilhermina,-23.533387,-46.5153418
São Paulo,Vila Guiomar,-23.6571589,-46.5438638
São Paulo,Vila Gumercindo,-23.6046683,-46.6209505
São Paulo,Vila Gustavo,-23.480713,-46.5958215
São Paulo,Vila Hamburguesa,-23.5334607,-46.7262582
São Paulo,Vila Hebe,-23.6368147,-46.6366618
São Paulo,Vila Helena,-23.5913543,-46.3036971
São Paulo,Vila Heliopolis,-23.6125972,-46.5910089
São Paulo,Vila Hermínia,-23.543155300000002,-46.825695889526955
São Paulo,Vila Homero,-23.6660706,-46.5017401
São Paulo,Vila Hortência,-23.5063416,-47.4403521
São Paulo,Vila Icaraí,-23.2031672,-45.8952114
São Paulo,Vila Ida,-23.5431007,-46.7074196
São Paulo,Vila Iguaçu,-22.2349097,-50.8900449
São Paulo,Vila Império,-23.6431936,-46.5834252
São Paulo,Vila Inácio,,
São Paulo,Vila Inah,,
São Paulo,Vila Independência,-23.6741869,-46.4412659
São Paulo,Vila Independente,-23.7110376,-46.6905685
São Paulo,Vila Indiana,-21.9317516,-50.5232315
São Paulo,Vila Industrial,-23.1763978,-45.8579079
São Paulo,Vila Inglesa,-22.7465103,-45.5641695
São Paulo,Vila Invernada,-24.0752362,-48.5698202
São Paulo,Vila Iolanda,-23.454482,-46.4138447
São Paulo,Vila Iolanda II,-23.454482,-46.4138447
São Paulo,Vila Iorio,,
São Paulo,Vila Ipojuca,-23.5335192,-46.7084654
São Paulo,Vila Irmãos Arnoni,,
São Paulo,Vila Isa,,
São Paulo,Vila Isabel,-23.5035679,-47.4395227
São Paulo,Vila Isolina Mazzei,-23.4930386,-46.6038231
São Paulo,Vila Itaberaba,-23.4053645,-46.4026324
São Paulo,Vila Itaim,-23.4913907,-46.4007568
São Paulo,Vila Ivg,,
São Paulo,Vila Ivone,,
São Paulo,Vila Jacuí,-23.500294,-46.458717352058315
São Paulo,Vila Jaguara,-23.5076149,-46.754978
São Paulo,Vila Jaguari,-23.6814766,-46.4453107
São Paulo,Vila Jaraguá,-23.4839667,-46.7649668
São Paulo,Vila Joaniza,-23.6746556,-46.665354863482236
São Paulo,Vila João Batista,-22.5670752,-44.9580916
São Paulo,Vila Júlio César,,
São Paulo,Vila Jurema,,
São Paulo,Vila Jussara,,
São Paulo,Vila Lageado,,
São Paulo,Vila Lais,-23.5179561,-46.5418779
São Paulo,Vila Lar Nacional,,
São Paulo,Vila Leme,-23.1811002,-46.8704976
São Paulo,Vila Leonor,-23.4372936,-46.5428797
São Paulo,Vila Leopoldina,-23.530072,-46.73431933313398
São Paulo,Vila Libanesa,,
São Paulo,Vila Lisboa,-20.797672,-49.3724939
São Paulo,Vila Liviero,-23.653242,-46.6005207043987
São Paulo,Vila Londrina,,
São Paulo,Vila Lourdes,-22.4030534,-51.5260342
São Paulo,Vila Lúcia,,
São Paulo,Vila Lúcia Elvira,,
São Paulo,Vila Luzimar,,
São Paulo,Vila Macedópolis,,
São Paulo,Vila Madalena,-23.5464956,-46.6911243
São Paulo,Vila Mafra,-23.64055415,-46.7587176226685
São Paulo,Vila Malvina,,
São Paulo,Vila Mangalot,-23.4851642,-46.75405095549354
São Paulo,Vila Mara,,
São Paulo,Vila Maracanã,-23.6528024,-46.75147851845199
São Paulo,Vila Marari,-23.66967655,-46.66096250186904
São Paulo,Vila Marcelo,-23.7908718,-46.723855
São Paulo,Vila Margareth,-23.20597455,-45.900118556988815
São Paulo,Vila Margarida,-23.482489,-46.38863753843137
São Paulo,Vila Maria,-23.5131836,-46.5891557
São Paulo,Vila Maria Alta,-23.5131836,-46.5891557
São Paulo,Vila Maria Baixa,,
São Paulo,Vila Maria Eugênia,-23.4916257,-46.752774
São Paulo,Vila Maria Luisa,,
São Paulo,Vila Maria Trindade,,
São Paulo,Vila Maria Zélia,-22.2726357,-51.4910408
São Paulo,Vila Mariana,-23.5837,-46.632740824206934
São Paulo,Vila Marieta,-23.5163924,-46.5231628
São Paulo,Vila Marilena,,
São Paulo,Vila Marina,-23.6779024,-46.5180078
São Paulo,Vila Mariza Mazzei,,
São Paulo,Vila Marte,,
São Paulo,Vila Mascote,,
São Paulo,Vila Matias,-9.4478707,-38.2384042
São Paulo,Vila Matilde,-23.536179,-46.524605
São Paulo,Vila Mazzei,-23.4729562,-46.6008217
São Paulo,Vila Medeiros,-23.487707,-46.5844955
São Paulo,Vila Mendes,-23.5454008,-46.6108164
São Paulo,Vila Mercedes,-23.6993217,-46.4487471
São Paulo,Vila Mesquita,-22.3416968,-49.0651406
São Paulo,Vila Miami,,
São Paulo,Vila Michelina,,
São Paulo,Vila Minerva,-20.5405786,-48.56425144628041
São Paulo,Vila Mira,-29.5004566,-49.8509602
São Paulo,Vila Mirante,-23.4690823,-46.7220013
São Paulo,Vila Miriam,-23.6791516,-46.6328336
São Paulo,Vila Missionária,-23.647002,-46.77108492480746
São Paulo,Vila Moinho Velho,-23.614281,-46.59134512741056
São Paulo,Vila Monte Alegre,-23.6275981,-46.6352361
São Paulo,Vila Monte Santo,-23.6930974,-46.7861281
São Paulo,Vila Monumento,-23.5764219,-46.6137805
São Paulo,Vila Moraes,-23.5809902,-46.1795934
São Paulo,Vila Moreira,-20.7914693,-49.3832445
São Paulo,Vila Morgadouro,,
São Paulo,Vila Morse,,
São Paulo,Vila Morumbi,-23.4810334,-47.4851843
São Paulo,Vila Nair,-22.9250357,-45.4673541
São Paulo,Vila Nancy,-23.5260148,-46.2046742
São Paulo,Vila Narciso,-23.5325988,-46.7635229
São Paulo,Vila Nascente,-23.757311,-46.67844359428572
São Paulo,Vila Natal,-23.5335154,-46.1799617
São Paulo,Vila Natália,-23.2948813,-45.9584982
São Paulo,Vila Neila,,
São Paulo,Vila Nelson,,
São Paulo,Vila Nhocune,,
São Paulo,Vila Nilo,-23.4601735,-46.574454
São Paulo,Vila Nilva,-22.9146864,-48.43402
São Paulo,Vila Nina,,
São Paulo,Vila Nivi,,
São Paulo,Vila Noca,,
São Paulo,Vila Nogueira,-23.690711,-46.5956902
São Paulo,Vila Norma,-22.1986067,-46.7454022
São Paulo,Vila Nossa Senhora Aparecida,-21.8016797,-48.1260812
São Paulo,Vila Nossa Senhora do Retiro,,
São Paulo,Vila Nova,-23.9407685,-46.3222188
São Paulo,Vila Nova Alba,,
São Paulo,Vila Nova Cachoeirinha,,
São Paulo,Vila Nova Caledonia,,
São Paulo,Vila Nova Carolina,-23.9407685,-46.3222188
São Paulo,Vila Nova Conceição,-23.0503416,-47.8327759
São Paulo,Vila Nova Curuçá,-23.5171184,-46.4191889
São Paulo,Vila Nova das Belezas,,
São Paulo,Vila Nova Galvão,-23.44842825,-46.57342037679591
São Paulo,Vila Nova Jaguare,-23.5442633,-46.74275407074418
São Paulo,Vila Nova Manchester,-23.5286,-47.4966633
São Paulo,Vila Nova Mazzei,,
São Paulo,Vila Nova Parada,-23.9458462,-46.2913139
São Paulo,Vila Nova Pauliceia,-21.8201988,-48.5206417
São Paulo,Vila Nova Pirajussara,,
São Paulo,Vila Nova Savoia,,
São Paulo,Vila Nova Teresa,,
São Paulo,Vila Nova Utinga,,
São Paulo,Vila Nova York,-23.743638,-46.6620308
São Paulo,Vila Odete,-23.6689797,-46.597619
São Paulo,Vila Olga,-23.5088723,-47.4839827
São Paulo,Vila Olímpia,-23.5940278,-46.6842193
São Paulo,Vila Olinda,-23.6720097,-46.6010478
São Paulo,Vila Oratório,-23.6672825,-46.4519207
São Paulo,Vila Paiva,-23.1390293,-45.9068245
São Paulo,Vila Palmeiras,-23.4922019,-47.4628392
São Paulo,Vila Paranaguá,,
São Paulo,Vila Parque Jabaquara,,
São Paulo,Vila Patrimonial,,
São Paulo,Vila Pauliceia,-23.4882686,-46.6146814
São Paulo,Vila Paulista,-22.5867289,-44.9618337
São Paulo,Vila Paulista I,-22.5867289,-44.9618337
São Paulo,Vila Paulista II,-22.5867289,-44.9618337
São Paulo,Vila Paulistana,-23.440135,-46.56674113613788
São Paulo,Vila Paulistania,-22.6103166,-49.3265856
São Paulo,Vila Paulo Silas,,
São Paulo,Vila Pedra Branca,-23.9569991,-49.2856227
São Paulo,Vila Pedroso,-23.5774781,-47.4616061
São Paulo,Vila Penteado,-23.4704303,-46.6872619
São Paulo,Vila Pereira Barreto,-23.6965025,-46.3735511
São Paulo,Vila Pereira Cerca,-23.4949919,-46.7126086
São Paulo,Vila Perus,-23.4021396,-46.724262
São Paulo,Vila Piauí,-23.5293165,-46.8285731
São Paulo,Vila Picinin,,
São Paulo,Vila Pierina,,
São Paulo,Vila Piracicaba,,
São Paulo,Vila Pirajussara,-23.657129150000003,-46.82190194787489
São Paulo,Vila Pirituba,-23.4821207,-46.7462644
São Paulo,Vila Pita,,
São Paulo,Vila Plana,,
São Paulo,Vila Polopoli,,
São Paulo,Vila Pompeia,-21.1330483,-47.8199056
São Paulo,Vila Ponte Rasa,-23.5378963,-46.46323931427959
São Paulo,Vila Popular,-23.5541496,-48.014438
São Paulo,Vila Portugal,-23.4159416,-46.4526636
São Paulo,Vila Portuguesa,-23.7777576,-46.3040566
São Paulo,Vila Prado,-23.493709,-46.6754694
São Paulo,Vila Praia,-23.61821165,-46.743572505826556
São Paulo,Vila Prelado,,
São Paulo,Vila Primavera,-23.7015573,-46.5427357
São Paulo,Vila Princesa Isabel,-23.5393723,-46.3800488
São Paulo,Vila Progredior,,
São Paulo,Vila Progresso,-23.5175108,-46.4324327
São Paulo,Vila Prudente,-23.592335,-46.57496141835203
São Paulo,Vila Quintana,-23.742746750000002,-46.703558787043676
São Paulo,Vila Ramos,-23.332643,-46.7090849
São Paulo,Vila Raquel,,
São Paulo,Vila Regente Feijó,,
São Paulo,Vila Regina,-23.6502907,-46.7999499
São Paulo,Vila Reis,-23.5720226,-48.0406437
São Paulo,Vila Remo,-20.4108018,-49.980385
São Paulo,Vila Renato,-23.4724953,-46.7191354
São Paulo,Vila Represa,-23.7685614,-46.5934571
São Paulo,Vila Ribeiro de Barros,,
São Paulo,Vila Rica,-22.1889746,-47.4094176
São Paulo,Vila Rio Branco,-23.5119382,-46.494894
São Paulo,Vila Robertina,,
São Paulo,Vila Romana,-21.2383197,-47.7796753
São Paulo,Vila Romano,-22.7721255,-47.4207034
São Paulo,Vila Romero,,
São Paulo,Vila Roque,-23.5279941,-47.1545936
São Paulo,Vila Rosa,-23.4589264,-46.6300603
São Paulo,Vila Rosa Molla,,
São Paulo,Vila Rosaria,-23.5023493,-46.4343626
São Paulo,Vila Roschel,-23.8331167,-46.7346909
São Paulo,Vila Roseira II,-23.547095249999998,-46.846651588102276
São Paulo,Vila Rosina,-23.3852648,-46.7387081
São Paulo,Vila Rubi,,
São Paulo,Vila Ruela,,
São Paulo,Vila Rui Barbosa,,
São Paulo,Vila Sabrina,-23.4912022,-46.5766581
São Paulo,Vila Salete,,
São Paulo,Vila Sampaio,,
São Paulo,Vila Santa Catarina,-22.7511013,-47.3279949
São Paulo,Vila Santa Clara,-22.918643,-45.4603825
São Paulo,Vila Santa Cruz,-22.7485273,-45.6142082
São Paulo,Vila Santa Delfina,,
São Paulo,Vila Santa Edwiges,,
São Paulo,Vila Santa Eulalia,,
São Paulo,Vila Santa Ines,-22.343031,-49.0906217
São Paulo,Vila Santa Isabel,-20.7961178,-49.3691128
São Paulo,Vila Santa Lúcia,-23.6891068,-46.7640554
São Paulo,Vila Santa Maria,-23.9506992,-48.8757041
São Paulo,Vila Santa Teresa,-23.5659185,-46.5928764
São Paulo,Vila Santa Teresinha,,
São Paulo,Vila Santa Terezinha,-20.7503049,-48.9039552
São Paulo,Vila Santa Virgínia,,
São Paulo,Vila Santana,-22.8161305,-47.2741432
São Paulo,Vila Santista,-22.3486403,-49.0844706
São Paulo,Vila Santo Antônio,-23.5461036,-46.3857219
São Paulo,Vila Santo Estefano,-23.6234977,-46.6242477
São Paulo,Vila Santo Estêvão,-23.5379784,-46.8265764
São Paulo,Vila Santo Henrique,,
São Paulo,Vila Santos,-23.2666291,-47.293605
São Paulo,Vila São Domingos,-23.5033457,-46.74173373142271
São Paulo,Vila São Francisco,-23.5187828,-46.4911783
São Paulo,Vila São Geraldo,-23.1470219,-45.9108423
São Paulo,Vila São José,-23.7172465,-46.4206412
São Paulo,Vila São Judas,-23.6093167,-46.7285558
São Paulo,Vila São Luís,-23.6758109,-46.7394293
São Paulo,Vila São Nicolau,-24.5036743,-47.852266
São Paulo,Vila São Paulo,-23.4751154,-46.1320785
São Paulo,Vila São Pedro,-23.1914118,-45.8656644
São Paulo,Vila São Silvestre,-22.9927894,-49.860021
São Paulo,Vila São Vicente,-22.0041278,-51.5543585
São Paulo,Vila Sapopemba,-23.6029647,-46.5155569
São Paulo,Vila Seabra,-22.3139021,-49.0758873
São Paulo,Vila Sérgio,-22.6734713,-47.7122578
São Paulo,Vila Serralheiro,,
São Paulo,Vila Silva Teles,,
São Paulo,Vila Sílvia,-23.646663500000003,-46.851890642695935
São Paulo,Vila Simone,-23.5034685,-46.4002839
São Paulo,Vila Sinhá,-23.1583275,-45.9044496
São Paulo,Vila Siqueira,-22.1993928,-46.757236
São Paulo,Vila Sirene,,
São Paulo,Vila Síria,,
São Paulo,Vila Socorro,-23.6656757,-46.716138458186364
São Paulo,Vila Sofia,,
São Paulo,Vila Solange,-22.3420691,-49.0909719
São Paulo,Vila Sônia,-23.5997714,-46.739201030849614
São Paulo,Vila Souza,-23.434319,-46.7165213
São Paulo,Vila Stela,,
São Paulo,Vila Suíça,-23.6963764,-46.5002907
São Paulo,Vila Sulina,-23.44673375,-46.78552164489757
São Paulo,Vila Suzana,-23.1691829,-46.9136887
São Paulo,Vila Talarico,,
São Paulo,Vila Taquari,-23.9872178,-48.8991006
São Paulo,Vila Teresinha,-23.456681500000002,-46.692955933973536
São Paulo,Vila Tiradentes,,
São Paulo,Vila Tolstoi,-23.6008345,-46.5272167
São Paulo,Vila Tramontano,,
São Paulo,Vila Uberabinha,,
São Paulo,Vila União,-23.6029647,-46.5155569
São Paulo,Vila Universitária,-22.4402464,-46.9374677
São Paulo,Vila Valdemar,-23.6293979,-46.4788782
São Paulo,Vila Vasconcelos,-22.3809388,-46.9431522
São Paulo,Vila Vera,-23.5373598,-46.4730263
São Paulo,Vila Verde,-22.9401201,-46.5781033
São Paulo,Vila Vermelha,-23.2787872,-46.7480479
São Paulo,Vila Vessoni,,
São Paulo,Vila Virgínia,-23.4876197,-46.3566041
São Paulo,Vila Vitório Mazzei,-23.47395145,-46.625802514656385
São Paulo,Vila Yara,-23.4922305,-46.41501883699556
São Paulo,Vila Zat,-23.4773196,-46.7156998
São Paulo,Vila Zefira,,
São Paulo,Vila Zelina,,
São Paulo,Vila Zilda,-20.7953224,-49.3887414
São Paulo,Vila Zulmira,,
